Company_Name, Price ,Year,year1,Equity Share Capital,Total Share Capital,Revaluation Reserve,Reserves and Surplus,Total Reserves and Surplus,Total ShareHolders Funds,Deposits,Borrowings,Other Liabilities and Provisions,Total Capital and Liabilities,Cash and Balances with Reserve Bank of India,Balances with Banks Money at Call and Short Notice,Investments,Advances,Fixed Assets,Other Assets,Total Assets,Number of Branches,Number of Employees,Capital Adequacy Ratios (%),Tier 1 (%),Tier 2 (%),Gross NPA,Gross NPA (%),Net NPA,Net NPA (%),Net NPA To Advances (%),Bills for Collection,Contingent Liabilities,Interest  Discount on Advances  Bills,Income from Investments,Interest on Balance with RBI and Other Inter-Bank funds,Others,Total Interest Earned,Other Income,Total Income,Interest Expended,Payments to and Provisions for Employees,Depreciation,Operating Expenses (excludes Employee Cost & Depreciation),Total Operating Expenses,Provision Towards Income Tax,Other Provisions and Contingencies,Total Provisions and Contingencies,Total Expenditure,Net Profit  Loss for The Year,Net Profit  Loss After EI & Prior Year Items,Total Profit  Loss available for Appropriations,Transfer To  From Statutory Reserve,Transfer To  From Capital Reserve,Transfer To  From Revenue And Other Reserves,Equity Share Dividend,Tax On Dividend,Balance Carried Over To Balance Sheet,Total Appropriations,Basic EPS (Rs.),Diluted EPS (Rs.)
Balance Sheet of Canara Bank,280.5,18-Mar,2018,733.24,733.24,6524.73,28346.86,34871.59,35604.84,524771.86,38808.51,17700.9,616886.1,22100.04,27812.29,144053.67,381702.99,8318.64,32898.47,616886.1,5849,58855,11,10,3,47468.47,12,28542.4,7,7,26782.08,293728.89,29096.44,10412.1,646.99,1096.56,41252.09,6942.85,48194.94,29088.76,5444.11,445.05,3668.78,9557.94,2338.62,11431.86,13770.48,52417.18,-4222.24,-4222.24,-6971.14,0,0,0,0,0,-7035.06,-6971.14,-70.47,-70.47
Balance Sheet of Canara Bank,363.6,17-Mar,2017,597.29,597.29,5373.15,27715.1,33088.25,33685.54,495275.24,39503.56,15055.1,583519.44,19922.5,38902.96,150265.89,342008.76,7168.32,25251.02,583519.44,6083,55717,13,10,3,34202.04,10,21648.98,6,6,27176.31,432470.42,29585.67,10711.29,768.2,322.49,41387.64,7554.4,48942.04,31515.87,4915.09,327.54,3269.65,8512.28,520,7271.97,7791.97,47820.12,1121.92,1121.92,1121.92,281,777,0,0,0,63.92,1121.92,20.63,20.63
Balance Sheet of Canara Bank,440.5,16-Mar,2016,542.99,542.99,5444.66,25615.55,31060.21,31603.2,479791.56,26873.32,14692.7,552960.78,20664.05,36069.61,142309.3,324714.82,7198.1,22004.89,552960.78,5849,54008,11,9,2,31637.83,9,20832.91,6,6,26563,287945.55,31377.25,11407.79,879.5,357.6,44022.14,4875.23,48897.36,34258.77,4445.88,169.96,2876.09,7491.93,-372.95,10332.43,9959.48,51710.19,-2812.82,-2812.82,-2812.82,0,0,0,0,0,-2812.82,-2812.82,-53.61,-53.61
Balance Sheet of Canara Bank,280.5,15-Mar,2015,475.2,475.2,5405.85,25978.18,31384.04,31859.23,473840.1,25671.57,16629.66,548000.56,21971.95,26669.14,145346.18,330035.51,6949.45,17028.32,548000.56,5682,53984,11,8,3,13039.96,4,8740.09,3,3,40481.83,256776.86,32066.12,10923.75,759.79,0.38,43750.04,4550.25,48300.29,34086.37,4274.26,427.06,2562.23,7263.55,795,3452.74,4247.74,45597.67,2702.62,2702.62,2702.62,680,122.4,387.7,540.97,110.76,0,2702.62,58.59,58.59
Balance Sheet of Canara Bank,280.5,14-Mar,2014,461.26,461.26,5498.25,23660.6,29158.85,29620.11,420722.82,27230.64,14348.29,491921.85,22153.78,22674.93,126828.26,301067.48,6641.56,12555.85,491921.85,4755,48794,11,8,3,7570.21,2,5965.46,2,2,36082.62,203237.75,28457.33,10251.08,730.82,108.39,39547.61,3932.76,43480.37,30603.17,3672.38,228.47,2180.16,6081.01,625,3733,4358,41042.17,2438.19,2438.19,2438.19,650,87.5,1107.08,507.38,86.23,0,2438.19,54.48,54.48
Balance Sheet of State Bank of India,305.5,18-Mar,2018,892.46,892.46,24847.99,193388.12,218236.1,219128.56,2706343.29,362142.07,167138.08,3454752,150397.18,41501.46,1060986.72,1934880.19,39992.25,226994.2,3454752,22414,264041,13,10,2,223427.46,11,110854.7,6,6,74027.9,1162020.69,141363.17,70337.62,2250,6548.53,220499.32,44600.69,265100,145645.6,33178.68,2919.47,23845.3,59943.45,673.54,75039.2,66058.41,271647.46,-6547.45,-6547.45,-12954.83,0,3288.88,-1165.14,0,0,-15078.57,-12954.83,-7.67,-7.67
Balance Sheet of State Bank of India,305.5,17-Mar,2017,892.46,892.46,24847.99,193388.12,218236.1,219128.56,2706343.29,362142.07,167138.08,3454752,150397.18,41501.46,1060986.72,1934880.19,39992.25,226994.2,3454752,22414,264041,13,10,2,223427.46,11,110854.7,6,6,74027.9,1162020.69,141363.17,70337.62,2250,6548.53,220499.32,44600.69,265100,145645.6,33178.68,2919.47,23845.3,59943.45,673.54,75039.2,66058.41,271647.46,-6547.45,-6547.45,-12954.83,0,3288.88,-1165.14,0,0,-15078.57,-12954.83,-7.67,-7.67
Balance Sheet of State Bank of India,303.3,16-Mar,2016,797.35,797.35,31585.65,155903.06,187488.71,188286.06,2044751.39,317693.66,155235.19,2705966.3,127997.62,43974.03,765989.63,1571078.38,42918.92,154007.72,2705966.3,17170,209567,13,10,3,112342.99,7,58277.38,4,4,65640.42,1046440.93,119510,48205.31,1753.47,6049.46,175518.24,35460.93,210979.17,113658.5,26489.28,2293.31,17690.18,46472.77,4033.29,35992.72,40363.79,200495.07,10484.1,10484.1,10484.42,3145.23,1493.39,3430.55,2108.56,306.38,0.32,10484.42,13.43,13.43
Balance Sheet of State Bank of India,305.5,15-Mar,2015,797.35,797.35,31585.65,155903.06,187488.71,188286.06,2044751.39,317693.66,155235.19,2705966.3,127997.62,43974.03,765989.63,1571078.38,42918.92,154007.72,2705966.3,17170,209567,13,10,3,112342.99,7,58277.38,4,4,65640.42,1046440.93,119510,48205.31,1753.47,6049.46,175518.24,35460.93,210979.17,113658.5,26489.28,2293.31,17690.18,46472.77,4165.83,35992.72,40363.79,200495.07,10484.1,10484.1,10484.42,3145.23,1493.39,3430.55,2108.56,306.38,0.32,10484.42,13.43,13.43
Balance Sheet of State Bank of India,305.5,14-Mar,2014,776.28,776.28,0,143498.16,143498.16,144274.44,1730722.44,323344.59,159276.08,2357617.54,129629.33,37838.33,575651.78,1463700.42,10389.28,140408.41,2357617.54,16784,207739,13,10,3,98172.8,7,55807.02,4,4,199140.17,971956.01,115666.01,42303.98,621.07,5407.24,163998.3,27845.37,191843.67,106803.49,25113.82,1700.3,14968.24,41782.37,4003.27,29483.75,33307.15,181893.01,9950.65,9950.65,9950.98,2985.2,345.27,4267.35,2018.32,334.51,0.32,9950.98,12.98,12.98
Balance Sheet of Bank Of Baroda,122.95,18-Mar,2018,530.36,530.36,0,42864.41,42864.41,43394.77,591314.82,62571.97,22718.21,719999.77,22699.64,70197.74,163184.53,427431.83,5367.39,31118.64,719999.77,5467,55000,12,10,2,56480,12,23483,5,5,45779.69,298226.66,29069.82,10420.16,2414.79,1743.77,43648.54,6657.15,50305.69,28126.77,4606.87,863.08,4703.42,10173.37,1664.24,14796.3,14437.37,52737.51,-2431.81,-2431.81,-2431.81,0,0,-2431.81,0,0,0,-2431.81,-10.53,-10.53
Balance Sheet of Bank Of Baroda,164.2,17-Mar,2017,462.09,462.09,0,39841.16,39841.16,40303.25,601675.17,30611.44,22285.56,694875.42,22780.21,127689.7,129630.54,383259.22,5758.37,25757.37,694875.42,5481,52420,13,11,2,42719,10,18080,5,5,37599.42,252518.96,27523.93,10596.33,1990.86,2088.81,42199.93,6758.06,48957.99,28686.52,4637.77,511.35,4147.28,9296.4,1089.56,8502.37,9591.93,47574.85,1383.14,1383.14,1383.14,345.78,353.65,0,332.79,0,0,1383.14,6,6
Balance Sheet of Bank Of Baroda,1059.15,16-Mar,2016,462.09,462.09,0,39736.89,39736.89,40198.99,574037.87,33471.7,23667.92,671376.48,21672.42,112227.93,120450.52,383770.18,6253.78,27001.65,671376.48,5436,52021,13,11,2,40521.04,10,19046.46,5,5,32343.74,228977.16,29796.23,10673.22,1305.92,2285.9,44061.28,4998.86,49060.14,31321.43,4978.03,501.33,3443.78,8923.14,1769.84,15513.65,14211.11,54455.68,-5395.54,-5395.54,-5395.54,0,0,0,0,0,0,-5395.54,-23.89,-23.89
Balance Sheet of Bank Of Baroda,122.95,15-Mar,2015,443.56,443.56,0,39391.79,39391.79,39835.35,617559.52,35264.28,22329.4,714988.55,22488.6,125864.55,122319.72,428065.14,2874.85,13375.69,714988.55,5294,49378,13,10,3,16261.44,4,8069.49,2,2,57615.61,226377.17,30802.68,9701.07,1549.79,910.01,42963.56,4402,47365.55,29776.32,4261.35,340.39,3072.39,7674.13,2022.17,4494.5,6516.67,43967.12,3398.44,3398.44,3398.44,849.61,108.21,0,727.97,123.71,0,3398.44,16,16
Balance Sheet of Bank Of Baroda,122.95,14-Mar,2014,430.68,430.68,0,35555,35555,35985.68,568894.39,36812.97,17811.5,659504.53,18629.09,112248.82,116112.66,397005.81,2734.12,12774.03,659504.53,4934,46001,12,9,3,11875.9,3,6034.76,2,2,51834.11,239943.58,27878.09,8695.99,1533.86,831.76,38939.71,4462.74,43402.45,26974.36,4139.72,345.03,2652.32,7137.07,956.23,3793.71,4749.94,38861.37,4541.08,4541.08,4541.08,1135.27,8.69,0,923.24,160.43,0,4541.08,107,107
Balance Sheet of IDBI Bank,64.65,18-Mar,2018,3083.86,3083.86,5053.88,13071.98,18125.87,21209.73,247931.61,63185.53,17986.77,350313.64,13163.69,20522.4,91606.06,171739.95,6770.98,46510.56,350313.64,1916,17475,10,8,3,55588.25,28,28665.14,17,17,9300.58,198016.17,15693.55,5899.23,232.84,1200.91,23026.53,7008.88,30035.41,17386.21,1781.08,372.73,2590.88,4744.69,0,20497.05,16142.44,38273.33,-8237.92,-8237.92,-16730.31,-544.6,978.3,0,0,0,-17164.01,-16730.31,-34.45,-34.45
Balance Sheet of IDBI Bank,63.15,17-Mar,2017,2058.82,2058.82,5417.75,15087.09,20504.83,22563.65,268538.1,56363.98,14302.18,361767.9,13346.92,19337.16,92934.41,190825.93,7348.78,37974.7,361767.9,1896,18187,11,8,3,44752.59,21,25205.8,13,13,15948.82,185982.32,19310.33,6574.71,456.85,1449.48,27791.37,3967.6,31758.97,22039.71,2203.59,358.94,2578.28,5140.81,203.93,13196.47,9736.59,36917.11,-5158.14,-5158.14,-7985.42,0,506.97,0,0,0,-8492.39,-7985.42,-25.05,-25.05
Balance Sheet of IDBI Bank,72.35,16-Mar,2016,2058.82,2058.82,5607.83,20055.15,25662.97,27721.79,265719.83,69573.94,11356.57,374372.13,13822.91,2757.63,98999.43,215893.45,7447.32,35451.39,374372.13,1846,17570,12,9,3,24875.07,11,14643.39,7,7,41008.74,171848.18,20772.25,5941.08,47.07,1282.7,28043.1,3410.36,31453.46,21953.81,1674.05,214.18,2241.36,4129.58,4.25,10340.82,9034.87,35118.26,-3664.8,-3664.8,-2752.61,0,74.66,0,0,0,-2827.28,-2752.61,-21.77,-21.77
Balance Sheet of IDBI Bank,64.65,15-Mar,2015,1603.96,1603.96,1662.85,21050.11,22712.96,24317.1,259835.97,61832.98,10044.51,356030.57,13035.77,1489.99,120963.21,208376.87,3060.5,9104.24,356030.57,1717,16555,12,8,4,12684.97,6,5992.52,3,3,43283,202790.23,20829.77,7209.8,69.35,45.07,28153.99,4007.63,32161.62,22406.1,1926.36,136.95,1964.11,4027.42,1045.6,4440.77,4854.72,31288.24,873.39,873.39,1770.16,218.35,229.07,0.01,120.3,25.25,912.19,1770.16,5.45,5.45
Balance Sheet of IDBI Bank,64.65,14-Mar,2014,1603.94,1603.94,1712.84,20322.08,22034.92,23639.3,235773.63,60146.29,9437.4,328996.63,12711.11,4106.8,103773.5,197686,2983.21,7736.01,328996.63,1388,16438,12,8,4,9960.16,5,4902.3,2,2,35650.95,160889.72,20257.32,6074.72,103.34,162.13,26597.51,2978.75,29576.27,20576.04,1491.61,113.17,1714.06,3318.84,1169.45,3940.26,4559.99,28454.87,1121.4,1121.4,2025.26,281,9.32,0.01,160.4,27.77,896.77,2025.26,8,8
Balance Sheet of Punjab National Bank,80.7,18-Mar,2018,552.11,552.11,0,40522.19,40522.19,41074.3,642226.19,60850.75,21678.86,765830.1,28789.03,66672.97,200305.98,433734.72,6349.33,29978.07,765830.1,0,0,9,0,0,86620.05,18,48684.29,11,-2,0,0,31833.08,13946.98,2001.42,214.28,47995.76,8880.87,56876.63,33073.36,9168.8,0,4340.27,13509.07,-7292.26,29869.28,22577.02,69159.45,-12282.82,-12282.82,0,0,0,0,0,0,0,0,-55.39,-55.39
Balance Sheet of Punjab National Bank,174.8,17-Mar,2017,552.11,552.11,3683.82,36838.37,40522.19,41074.31,642226.19,60850.75,21678.86,765830.1,28789.03,66672.97,200305.98,433734.72,6349.33,29978.07,765830.1,6983,74897,9,7,2,86620.05,18,48684.29,11,11,27858.61,304127.7,31833.08,13946.98,2001.42,214.28,47995.77,8880.87,56876.64,33073.36,9168.8,576.17,3764.11,13509.07,-7292.26,29869.28,22577.02,69159.46,-12282.82,-12282.82,-12282.82,0,1024.93,-13307.75,0,0,0,-12282.82,-55.39,-55.39
Balance Sheet of Punjab National Bank,206.6,16-Mar,2016,425.59,425.59,3750.53,37670.86,41421.39,41846.98,621704.02,40763.34,16016.21,720330.55,25210,63121.65,186725.44,419493.15,6273.25,19507.06,720330.55,6938,73919,12,9,3,55370.45,13,32702.1,8,8,25779.13,332831.33,32958.82,12577.17,1354.2,385.8,47275.99,8951.37,56227.36,32282.82,5420.72,425.04,3533.63,9379.38,686.74,12553.62,13240.36,54902.56,1324.8,1324.8,1324.8,331.2,513.7,209.9,0,0,0,1324.8,6.45,6.45
Balance Sheet of Punjab National Bank,80.7,15-Mar,2015,392.72,392.72,2844.78,35072.64,37917.42,38310.14,553051.13,59755.24,16273.94,667390.46,26479.07,47144.02,157845.89,412325.8,5222.73,18372.94,667390.46,6760,70801,11,8,3,55818.33,13,35422.56,9,9,55173.05,303844.06,34445.54,12033.65,730.5,214.66,47424.35,6877.02,54301.37,32112.57,6425.95,395.73,3150.78,9972.45,-1763.49,17954.23,16190.74,58275.77,-3974.4,-3974.4,-3974.4,0,111.73,-4080.33,0,0,0,-3974.4,-20.82,-20.82
Balance Sheet of Punjab National Bank,80.7,14-Mar,2014,370.91,370.91,1387.55,37321.06,38708.61,39079.52,501378.64,45670.55,17204.89,603333.6,24224.94,31709.23,151282.36,380534.4,3551.48,12031.19,603333.6,6560,68290,13,10,3,25694.86,7,15396.5,4,4,61002.82,232583.18,34794.38,10599.99,632.25,288.74,46315.36,5890.73,52206.09,29759.79,7336.91,370.23,2784.41,10491.55,1825.67,7997.5,8893.17,49144.51,3061.58,3061.58,3061.58,765.4,0,1561.48,627.98,106.72,0,3061.58,16.91,16.91
Balance Sheet of Bank Of India,105.45,18-Mar,2018,1743.72,1743.72,5549.16,28247.76,33796.93,35540.65,520854.38,43588.78,9591.03,609574.83,31347.84,64534.66,137111.11,341380.19,8265.29,26935.73,609574.83,5127,48680,13,10,3,62328.46,17,28207.27,8,8,32102.67,342653.99,25295.3,9153.55,2731.7,890.86,38071.41,5733.76,43805.17,27565.07,4903.27,519.98,3677.92,9101.17,1170.02,8252.8,13182.63,49848.87,-6043.71,-6043.71,-14600.55,0,361.76,0,0,0,-14962.31,-14600.55,-52.55,-52.55
Balance Sheet of Bank Of India,170.2,17-Mar,2017,1055.43,1055.43,0,29709.72,29709.72,30765.16,540032.01,39405.67,14384.52,626309.27,27347.66,68540.29,127826.86,366481.67,8461.86,27650.93,626309.27,5016,47750,12,9,3,52044.52,13,25305.03,7,7,31621.87,359779.43,27187.86,9059.92,2012.21,1030.86,39290.85,6772.33,46063.18,27464.74,5396.62,-12.47,3481.65,8865.8,1813.7,12105.18,11290.97,47621.5,-1558.31,-1558.31,-7807,0,749.85,0,0,0,-8556.84,-7807,-15.72,-15.72
Balance Sheet of Bank Of India,293.83,16-Mar,2016,817.29,817.29,0,30196.28,30196.28,31013.57,513004.52,51083.14,13509.05,609913.93,33961.61,65179.68,118848.92,359188.95,8480.31,24254.46,609913.93,5077,0,12,9,3,49879.13,13,27996.4,8,8,375997.27,331621.38,30370.9,8952.13,2120.94,352.49,41796.46,3652.55,45449.01,30071.84,5357.24,286.26,3698.05,9341.55,1471.1,13826.38,12124.83,51538.22,-6089.21,-6089.21,-6089.21,0,159.47,0,0,0,-6248.68,-6089.21,-83.01,-83.01
Balance Sheet of Bank Of India,105.45,15-Mar,2015,665.65,665.65,0,30781.09,30781.09,31446.74,531906.63,40057.14,15287.25,618697.76,27170.03,49233.66,119792.04,402025.54,5885.53,14590.96,618697.76,4892,45300,11,8,3,22193.24,5,13517.57,3,3,65422.65,135491.2,31678.16,9399.91,2143.25,208.59,43429.91,4232.7,47662.61,32086.24,4985.82,285.42,2817.36,8088.6,70.77,5692.72,5778.85,45953.69,1708.92,1708.92,1708.92,430,0,879.2,332.1,67.62,0,1708.92,26.57,26.57
Balance Sheet of Bank Of India,105.45,14-Mar,2014,643,643,0,29280.08,29280.08,29923.08,476974.05,48427.51,17865.56,573190.2,19073.44,42308.85,114152.44,370733.54,5786.06,21135.87,573190.2,4650,18533,10,7,3,11868.6,3,7417.22,2,2,52079,221873.28,27119.28,8404.96,2003.37,382.49,37910.1,4291.84,42201.94,27079.57,3991.15,227.87,2480.45,6699.47,-27.71,4877.85,5693.63,39472.67,2729.27,2729.27,2729.27,700,0,1653.74,321.5,54.03,0,2729.27,44.74,44.74
Balance Sheet of Indian Bank,253.45,18-Mar,2018,480.29,480.29,2621.44,15346.69,17968.13,18448.42,208294.22,19760.17,6213.01,252715.82,10501.6,2426.19,71397.77,156568.93,3418.35,8402.99,252715.82,2820,20065,13,11,1,11990.13,7,0,4,4,4607.55,33703.86,11857.14,5113.15,121.65,21.71,17113.65,2405.84,19519.48,10850.09,2100.25,236.4,1331.75,3668.4,-182.57,3924.57,3742,18260.49,1258.99,1258.99,1356.1,314.75,35.2,870,0,0,98.15,1356.1,26.21,26.21
Balance Sheet of Indian Bank,378.95,17-Mar,2017,480.29,480.29,2700.42,13981.3,16681.72,17162.01,182509.28,12636.89,5924.97,218233.15,5588.7,4453.02,67551.79,127699.28,3442.6,9497.75,218233.15,2682,20924,14,12,1,9865.14,7,56096.57,4,4,3230.56,29362.3,11461.32,4423.95,125.59,28.88,16039.75,2211.37,18251.12,10893.69,1991.49,165.71,1199.53,3356.72,0,2595.03,2595.03,16845.44,1405.68,1405.68,1502.04,351.5,42.59,615,288.18,58.67,97.11,1502.04,29.27,29.27
Balance Sheet of Indian Bank,209.35,16-Mar,2016,480.29,480.29,2781.43,12998.06,15779.49,16259.78,178285.84,3509.32,5655.45,203710.38,9174.45,2824.84,53089.31,129049.08,3511.07,6061.63,203710.38,2565,20140,13,12,1,8827.04,7,5419.4,4,4,8337.1,24566.03,11924.23,4153.23,145.98,20.34,16243.78,1781.42,18025.2,11797.6,2006.4,150.58,1038.53,3195.5,243.92,2076.79,2320.71,17313.82,711.38,711.38,806.42,177.85,22.48,395,72.04,14.67,96.36,806.42,14.81,14.81
Balance Sheet of Indian Bank,253.45,15-Mar,2015,480.29,480.29,2275.52,12077.45,14352.96,14833.26,169225.27,2646.09,6131.35,192835.97,8301.07,4780.1,45898.61,125863.55,2968.73,5023.92,192835.97,2412,20294,13,11,2,5670.44,4,3146.95,3,3,5940.17,35088.47,12074.47,3622.9,155.57,0,15852.94,1363.36,17216.3,11391.65,1742.59,138.12,930.22,2810.93,463.45,1545.09,2008.54,16211.12,1005.17,1005.17,1098.05,251.5,0,465,201.72,41.29,95.04,1098.05,21.62,21.62
Balance Sheet of Indian Bank,253.45,14-Mar,2014,464.85,464.85,2335.46,11070.73,13406.19,13871.04,162274.82,4963.87,6216.97,187326.7,7757.68,2732.86,46910.42,122208.99,2932.18,4784.58,187326.7,2253,19429,13,11,3,4562.2,4,2763.65,2,2,6503.78,40209.88,11417.13,3728.13,103.94,0,15249.21,1371.68,16620.89,10888.79,1926.79,104.57,800.14,2831.5,316.73,1424.93,1741.66,15461.94,1158.95,1158.95,1249.19,290,2.36,530,207.96,39.8,92.88,1249.19,26.07,26.07
Balance Sheet of Oriental Bank of Commerce,99.25,18-Mar,2018,632.77,632.77,1404.62,9749.37,11153.99,11786.76,207346.06,9694.06,4517.17,233344.04,12254.84,1426.59,69902.27,136367.87,2549.63,10842.84,233344.04,2389,21977,11,8,3,26133.6,18,14282.88,10,10,12114.11,37845.04,14478.75,7137.36,2058.54,360.86,24035.52,2622.35,26657.87,17518.51,3983.37,260.31,2162.69,6406.37,223.28,10628.96,7837.89,31762.77,-5104.9,-5104.9,-10461.29,0,0,0,0,0,-10553.16,-10461.29,-19.5,-19.5
Balance Sheet of Oriental Bank of Commerce,125.1,17-Mar,2017,346.17,346.17,1448.43,12326.77,13775.19,14121.36,219339.39,14592.19,5011.79,253064.73,10813.09,6613.14,59229.26,157706,2358.46,16344.77,253064.73,2376,21552,12,9,3,22859.27,14,14117.83,9,9,10303.78,40285.38,16283.41,7371.85,638.82,367.32,24661.41,2875.64,27537.05,18087.4,4214.31,257.37,1889.34,6361.03,0,6617.53,5527.73,29976.15,-2439.1,-2439.1,-4972.65,0,0,0,0,0,-5356.39,-4972.65,-13.35,-13.35
Balance Sheet of Oriental Bank of Commerce,320.95,16-Mar,2016,321.4,321.4,1507.27,13112.48,14619.75,14941.14,208914.82,7897.42,5488.17,237541.54,9432.88,529.55,65657.84,148879.99,2271.9,10769.39,237541.54,2351,21469,12,9,3,14701.78,10,9932.15,7,7,10299.54,30363.24,18977.71,6473.85,95.3,341.03,25887.9,1938.79,27826.68,18822.27,4465.67,239.43,1656.36,6361.47,-1251,5011.61,3760.61,28944.35,-1117.67,-1418.19,-2440.96,0,0,0,0,0,-2533.56,-2440.96,-8.55,-8.55
Balance Sheet of Oriental Bank of Commerce,99.25,15-Mar,2015,299.85,299.85,621.9,12857.6,13479.5,13779.35,204009.7,6545.02,6179.52,230513.58,10188.38,587.42,68440.45,145261.3,1352.53,4683.49,230513.58,2251,20200,11,9,3,7666.22,5,4816.24,3,3,23230.64,37872.37,19517.28,6707.06,31.46,152.98,26408.78,1894.23,28303.01,19161.71,3824.94,229.24,1528,5582.18,284,2668.67,2952.67,27696.56,606.45,606.45,606.45,151.61,0,20.19,82.91,16.88,281.03,606.45,4.27,4.27
Balance Sheet of Oriental Bank of Commerce,99.25,14-Mar,2014,299.85,299.85,651.32,12479.51,13130.82,13430.67,193488.96,7863.61,5519.26,220302.5,9981.15,4287.77,61472.23,139079.84,1255.58,4225.94,220302.5,2126,19550,12,9,3,5617.86,4,3904.42,3,3,25877.38,53669.77,18619.99,5763.85,32.84,10.87,24427.55,1922.58,26350.13,17933.16,3537.01,208.55,1433.38,5178.94,268,4232.87,4500.87,27612.97,-1262.84,-1262.84,-1261.26,0,0,0,0,0,-1303.8,-1261.26,-11.1,-11.1
Balance Sheet of Union Bank of India,92,18-Mar,2018,1168.57,1168.57,0,23928.2,23928.2,25096.77,408501.64,45680.77,8126.82,487406,21016.47,28424.73,123780.12,288760.58,3833.33,21590.76,487406,4297,37587,12,9,2,33712,16,24326,8,8,18427.09,241572.92,22772.98,8779.97,1139.37,55.69,32748,4989.87,37737.87,23443.34,3255.23,362.71,3137.01,6754.96,0,12786.94,12786.94,42985.24,-5247.37,-5247.37,-5247.37,0,111.17,0,0,0,-5358.54,-5247.37,-69.45,-69.45
Balance Sheet of Union Bank of India,144.55,17-Mar,2017,687.44,687.44,0,22747.76,22747.76,23435.2,378391.58,41225.87,9110.79,452704.44,16520.45,16302.05,112148.96,286466.58,3894.42,17371.99,452704.44,4282,36877,12,9,3,33712.28,11,18833,7,7,16119.4,231600.86,22943.1,8695.1,880.54,141.25,32659.98,4964.6,37624.58,23756.64,3434.2,236.04,2767.6,6437.84,-207.99,7082.87,6874.88,37069.37,555.21,555.21,555.22,138.75,231.47,0,0,0,0,555.22,8.08,8.08
Balance Sheet of Union Bank of India,230.3,16-Mar,2016,687.44,687.44,2581.24,19622.53,22203.77,22891.21,342720.01,30957.35,8127.33,404695.9,15604.72,13671.5,89208.35,267354,3939.87,14917.46,404695.9,4200,35473,11,8,2,24170.89,9,14025.94,5,5,42490.45,366256.29,23658.06,7535.15,816.14,189.46,32198.8,3631.74,35830.54,23885.7,3699.29,244.11,2358.81,6302.22,413.78,3877.24,4291.02,34478.93,1351.6,1351.6,1352.02,405.5,44.85,548.17,134.05,27.45,0,1352.02,20.42,20.42
Balance Sheet of Union Bank of India,92,15-Mar,2015,635.78,635.78,1424.71,17700.4,19125.1,19760.88,316869.92,35359.98,9625.15,381615.93,15063.08,7314.94,94092.98,255654.57,2681.95,6808.41,381615.93,4081,35514,10,8,3,13030.87,5,6918.97,3,3,38741.69,324064.17,23977.25,7668.87,190.05,247.79,32083.96,3523,35606.96,23640.07,3785.52,220.81,2137.1,6143.43,1001.74,3040.09,4041.83,33825.32,1781.64,1781.64,1782.05,534.5,27,555.97,381.47,77.42,0.42,1782.05,28.05,28.05
Balance Sheet of Union Bank of India,92,14-Mar,2014,630.31,741.31,1459.34,16274.71,17734.05,18475.36,297675.64,29316.62,8313.29,353780.9,18419.68,4653.19,93723.18,229104.43,2608.47,5271.95,353780.9,3871,33806,11,8,3,2563.74,4,5340.25,2,2,32835.71,175164.16,21740.36,7270.45,178.53,160.05,29349.39,2821.54,32170.93,21470.07,3307.77,193.78,1981.21,5482.76,370.79,3151.11,3521.9,30474.73,1696.2,1696.2,1696.61,508.86,17.18,685.5,252.12,44.55,0.41,1696.61,27.99,27.99
Balance Sheet of Indian Overseas Bank,14.65,18-Mar,2018,4890.77,4890.77,0,8383.21,8383.21,13273.98,216831.81,9228.08,8634.24,247968.11,11579.45,14965.54,68645.94,132488.82,2893.43,17394.93,247968.11,3332,27936,9,7,2,38180.15,25,20399.66,15,15,15239.38,58366.45,11960.83,4797.04,483.69,673.65,17915.21,3746.44,21661.65,12447.64,2994.15,272.47,2318.31,5584.93,59.81,12260.79,9928.58,27961.15,-6299.5,-6299.5,-6299.5,0,74.21,0,0,0,-6373.71,-6299.5,-23.25,-23.25
Balance Sheet of Indian Overseas Bank,23.95,17-Mar,2017,2454.73,2454.73,2165.44,9124.38,11289.82,13744.55,211342.63,16097.67,5982.64,247167.49,11499.97,11723.07,71549.19,140458.62,3054.33,8882.31,247167.49,3373,29806,11,8,2,35098.26,22,19749,14,14,14109.56,68326.99,14053.02,5209.48,416.55,39.54,19718.6,3372.64,23091.23,14529.02,3044.67,214.86,1652.48,4912.01,268.55,6565.65,7066.94,26507.97,-3416.74,-3416.74,-6840.32,0,138.62,0,0,0,-6978.95,-6840.32,-15.78,-15.78
Balance Sheet of Indian Overseas Bank,60,16-Mar,2016,1807.27,1807.27,2411.61,11446.94,13858.55,15665.82,224514.24,27183.31,7073.4,274436.76,14033.49,8212.74,79189.55,160860.67,3270.46,8869.84,274436.76,3397,31846,10,8,2,30048.62,17,19212.57,12,12,34982.22,59999.85,16662.31,6483.51,371.47,0,23517.29,2528.26,26045.55,18134.6,3390.4,196.48,1438.62,5025.5,418.53,6613.56,5782.78,28942.88,-2897.33,-2897.33,-3387.17,0,36.42,0,0,0,-3423.59,-3387.17,-19.86,-19.86
Balance Sheet of Indian Overseas Bank,14.65,15-Mar,2015,1235.35,1235.35,1706.53,12699.14,14405.67,15641.02,246048.72,18232.41,5714.83,285636.98,12637.77,12260.77,81310.35,171756.02,2507.06,5165,285636.98,3381,31947,10,7,3,14922.45,8,9813.33,6,6,39815.09,58663.98,17945.58,5469.74,465.84,57.17,23938.33,2138.6,26076.93,18554.38,2649.54,149,1401.67,4200.21,1180.24,3210.91,3776.67,26531.26,-454.33,-454.33,-454.33,0,35.51,0,0,0,-489.84,-454.33,-3.68,-3.68
Balance Sheet of Indian Overseas Bank,14.65,14-Mar,2014,1235.35,1235.35,1813.91,13120.92,14934.82,16170.17,227976.09,24456.04,6302.55,274904.84,11735.1,7273.68,70236.8,175887.77,2604.38,7167.12,274904.84,3265,29716,11,7,3,9020.48,5,5658.12,3,3,34581.7,49698.47,17282.44,4990.2,370.9,40.18,22683.73,2169.34,24853.08,17106.92,2362.61,141.32,1244.99,3748.92,241.3,3154.2,3395.5,24251.34,601.74,601.74,601.74,150.5,63.44,19.61,143.76,24.43,0,601.74,6.05,6.05
Balance Sheet of United Bank of India,11.75,18-Mar,2018,3000,3000,946.84,4714.75,5661.59,8661.59,129326.38,3306.06,3440.98,144748.66,6212.14,14022.18,50401.8,62490.2,1293.09,10329.24,144748.66,2057,14814,8,10,3,16552.11,24,10316.3,16,16,3691.04,7845.03,5060.19,2639.39,304.09,337.95,8341.63,2214.57,10556.2,6848.76,1712.59,120.14,850.64,2683.38,0,3972.75,2478.51,12010.64,-1454.45,-1454.45,-1454.45,0,99.91,0,0,0,-1554.36,-1454.45,-9.65,-9.65
Balance Sheet of United Bank of India,18.2,17-Mar,2017,1394.36,1394.36,901.03,5030.42,5931.46,7325.81,126939.25,2551.75,3818.3,141053.11,6634.46,6381.59,53035.49,66139.3,1181.66,7680.62,141053.11,2053,15836,8,9,2,10951.99,16,6591.85,10,10,7082.23,1610.47,6036.26,3060.08,114.26,217.31,9427.91,2186.62,11614.53,7500.18,1624.18,103.51,833.76,2561.46,0,2467.1,1333.38,11395.02,219.51,219.51,219.51,54.88,98.4,66.23,0,0,0,219.51,1.86,1.86
Balance Sheet of United Bank of India,11.75,12-Feb,2016,839.52,839.52,924.66,4075.01,4999.67,5839.19,116401.28,2912.51,3798.78,129431.75,6070.45,2255.21,44723.38,68060.2,1210.92,7111.59,129431.75,2011,14981,10,8,2,9471.01,13,6110.71,9,9,3728.64,9815.24,6628.44,3038.73,38.44,231.06,9936.67,1467.53,11404.2,7656.11,1097.42,102.76,736.11,1936.29,0,2522.48,2093.75,11686.16,-281.96,-281.96,-281.96,0,18.64,0,0,0,-300.6,-281.96,-3.36,-3.36
Balance Sheet of United Bank of India,11.75,15-Mar,2015,839.52,839.52,594.07,4394.45,4988.52,5828.04,108817.6,4061.73,4320.21,123027.58,5815.6,214.94,46603.11,66763.04,877.41,2753.47,123027.58,2004,15192,11,8,3,6552.51,9,4088.38,6,6,7540.02,1326.83,7040.83,3048.21,90.17,1.27,10180.48,1746.91,11927.39,7649.82,1038.29,105.72,705.62,1849.63,0,1832.69,2171.95,11671.4,255.99,255.99,255.99,64,1.15,190.85,0,0,0,255.99,3.78,3.78
Balance Sheet of United Bank of India,11.75,14-Mar,2014,554.75,1354.75,608.89,3319.01,3927.91,5282.65,111509.71,4460.24,3852.35,125104.95,6269.78,4542.06,44876.34,65767.51,938.73,2710.52,125104.95,2001,16499,11,7,4,7118.01,10,4664.11,7,7,4157.25,8631.79,7816.56,2597.62,141.09,44.03,10599.29,1206.87,11806.16,8036.47,1014.34,69.19,624.42,1707.95,0,3617.96,3275.19,13019.61,-1213.44,-1213.44,-1213.44,0,0,-1213.44,0,0,0,-1213.44,-28.68,-28.68
Balance Sheet of Corporation Bank,29.05,18-Mar,2018,333.11,333.11,663.28,9849.46,10512.74,10845.85,183315.95,22171.08,5558.37,221891.26,11140.15,177.48,70349.76,119868.84,1229.21,19125.82,221891.26,2440,19419,9,7,2,22213.44,17,14077.02,8,8,13893.4,87356.58,11471.21,5164.39,81.7,911.03,17628.33,2313.08,19941.41,12790.11,1592.82,175.34,1432.73,3200.89,16.74,7987.62,8004.36,23995.36,-4053.94,-4053.94,-4053.94,0,0,0,0,0,-3947.13,-4053.94,-35.3,-35.3
Balance Sheet of Corporation Bank,40.8,17-Mar,2017,229.41,229.41,663.28,11819.26,12482.53,12711.95,220559.62,6468.17,8151.32,247891.05,17496.63,7553.32,64072.98,140356.79,1290.01,17121.31,247891.05,2517,19667,11,9,2,17045.22,12,11692.18,8,8,17304.9,81531.24,13277.19,5167.81,33.97,992.5,19471.47,3090.31,22561.78,15020.46,1444.37,161.29,1496.14,3101.79,275.16,3603.16,3878.32,22000.57,561.21,561.21,561.21,140.3,374.79,15,0,0,55.74,561.21,5.17,5.17
Balance Sheet of Corporation Bank,326,16-Mar,2016,204.5,204.5,679.74,10481.64,11161.38,11365.88,205170.84,13112.19,5214.7,234863.62,10087.21,5093.98,63280.63,140322.24,1277.13,14802.41,234863.62,2440,19569,11,8,3,14544.25,10,9160.14,7,7,25905.72,69697.4,14483.05,4208.6,22.08,697.51,19411.24,1735.16,21146.4,15171.78,1373.18,137.81,1368.6,2879.6,0,5026.33,3601.5,21652.88,-506.48,-506.48,-506.48,0,0,0,0,0,-506.48,-506.48,-5.48,-5.48
Balance Sheet of Corporation Bank,29.05,15-Mar,2015,167.54,167.54,0,10316.94,10316.94,10484.48,199345.82,10414.9,5747.82,225993.02,10148.93,2589.97,63412.28,145066.04,526.37,4249.43,225993.02,2298,19210,11,8,3,7106.67,5,4464.98,3,3,24809.92,87755.79,14805.34,4165.83,15.11,570.17,19556.44,1482.46,21038.91,15486.1,1182.22,122.82,1220.32,2525.36,-108.8,2551.99,2443.19,20454.65,584.26,584.26,584.26,146.06,17.32,15,117.28,20.57,0,584.26,6.97,6.97
Balance Sheet of Corporation Bank,29.05,14-Mar,2014,167.54,167.54,0,9917.56,9917.56,10085.11,193393.01,13021.45,5548.91,222048.47,13740.21,498.81,66191.21,137086.3,465.27,4066.67,222048.47,2021,18282,12,8,4,4736.79,3,3180.56,2,2,24217.23,49559.8,13215.97,4242.2,15.73,484.67,17958.57,1647.72,19606.29,14174.88,1190.24,113.24,1088.53,2392.01,-320.03,2797.71,2477.68,19044.57,561.72,561.72,561.72,140.43,23.17,-4.46,113.09,19.22,0,561.72,35.75,35.75
Balance Sheet of Andhra Bank,29.9,18-Mar,2018,1198.83,1198.83,0,9619.45,9619.45,10818.29,208070.48,18269.05,5013.56,242171.37,9911.05,6033.26,64770.3,149064.13,1473.3,10919.34,242171.37,2911,21102,11,7,4,2812436,17,1263687,8,8,14609.25,142963.2,13069.25,4488.43,133.46,283.4,17974.54,2372.06,20346.6,11639.78,1857.79,195.26,1292.73,3345.79,198.84,10821.84,8773.56,23759.13,-3412.53,-3412.53,-3410.99,13.02,0,39.07,0,0,-3463.09,-3410.99,-42.12,-42.12
Balance Sheet of Andhra Bank,57.95,17-Mar,2017,681.16,681.16,0,10685.5,10685.5,11366.66,195441.25,8855.18,6463.05,222126.13,9322.59,8412.55,59697.49,136846.33,1530.7,6316.46,222126.13,2908,19380,12,9,3,17669.98,12,10354.81,8,8,7652.9,111024.14,13597.71,4230.06,109.39,90.26,18027.42,2308.31,20335.72,12495.77,2096.78,151.95,1203.27,3451.99,1026.27,4028.62,4213.62,20161.39,174.33,174.33,269.33,43.6,129.2,0,0,0,1.53,269.33,2.56,2.56
Balance Sheet of Andhra Bank,92.25,16-Mar,2016,681.16,681.16,0,10313.23,10313.23,10994.39,174302.4,9715.59,4949.38,199961.76,8791.01,181.34,53864.19,130787.89,1368.44,4968.88,199961.76,2803,18656,12,9,3,11443.63,8,6035.65,5,5,12045.03,36654.26,13467.43,3875.86,63.8,227.58,17634.68,1564.47,19199.15,12313.71,1734.72,143.71,1047,2925.44,327.17,2955.98,3420.17,18659.31,539.84,539.84,634.83,134.96,0,363.44,34.06,7.37,95,634.83,8.6,8.6
Balance Sheet of Andhra Bank,29.9,15-Mar,2015,602.85,602.85,0,9461.24,9461.24,10064.09,155012.24,15307.22,4786.8,185170.35,7517.4,146.36,46499.43,125954.73,1263.57,3788.85,185170.35,2507,18525,11,8,3,6876.54,5,3688.63,3,3,10569.43,49681.55,12741.82,3508.55,51.57,66.67,16368.6,1499.84,17868.45,11830.57,1697.96,119.97,921.51,2739.44,552.61,2080.24,2660,17230.01,638.44,638.44,694.6,159.61,0,295.32,120.2,24.48,95,694.6,10.82,10.82
Balance Sheet of Andhra Bank,29.9,14-Mar,2014,589.61,589.61,0,8147.84,8147.84,8737.45,141845.12,13185.09,3573.26,167340.93,7912.06,1528.54,45356.62,107644.2,433.93,4465.58,167340.93,2114,18725,11,8,3,5857.6,5,3342.47,3,3,11026.85,34840.56,11113.76,3008.15,74.82,100.58,14297.32,1332.84,15630.16,10559.98,1382.85,89.97,837.11,2309.94,231,2026.51,2324.66,15194.58,435.58,435.58,533.58,108.89,2.64,95,64.86,11.02,56.16,533.58,7.67,7.67
Balance Sheet of Allahabad Bank,46.1,18-Mar,2018,844.04,844.04,2556.92,6867.42,9424.35,10268.39,213603.83,21400.52,5941.58,252714.31,9290.97,12130.92,67714.02,152060.74,3132.09,8385.57,252714.31,3245,23967,9,7,2,26562.8,16,12229.1,8,8,12877.05,212147.24,11028.54,4097.34,968.66,263.96,16358.49,2692.56,19051.05,11626.1,2158.1,143.1,1685.42,3986.63,-595.61,10029.34,8112.69,23725.42,-4674.37,-4674.37,-5290.69,0,0,0,0,0,-5290.69,-5290.69,-59.63,-59.63
Balance Sheet of Allahabad Bank,73.55,17-Mar,2017,743.69,743.69,2600.47,10952.24,13552.71,14296.4,201870.22,14670.32,5782.94,237037.88,8585.8,13469.52,55136.07,150752.7,3191.85,5901.95,237037.88,3246,23944,11,8,3,20687.83,13,13433.51,9,9,15669.83,168085.77,12603.1,4120.12,612.69,324.48,17660.39,2644.33,20304.72,12373.36,2285.94,156.75,1621.91,4064.59,387.99,4470.48,4180.29,20618.24,-313.52,-313.52,-673.6,0,0,0,0,0,-673.6,-673.6,-4.36,-4.36
Balance Sheet of Allahabad Bank,126.6,16-Mar,2016,613.8,613.8,2648.03,10802.21,13450.23,14064.04,200644.4,14807.04,5622.91,235828.38,9471.14,10385.02,55657.92,152372.05,3255.83,4686.42,235828.38,3210,24137,11,8,3,15384.57,10,10292.51,7,7,18794.56,149672.72,14486.39,3989.61,284.94,124,18884.95,1910.13,20795.07,12986.45,2130.88,116.32,1427.52,3674.72,549.5,5253.18,4877.21,21538.38,-743.31,-743.31,-360.08,0,0,0,0,0,-360.08,-360.08,-12.68,-12.68
Balance Sheet of Allahabad Bank,46.1,15-Mar,2015,571.38,571.38,849.06,11222.34,12071.4,12642.78,193424.05,14315.92,6713.73,227096.48,9660.22,7473.45,56478.74,149876.84,1405.41,2201.82,227096.48,3108,24231,10,8,3,8357.96,5,5978.89,4,4,16789.95,102296.79,14965.79,4486.31,202.25,61.77,19716.12,1996.01,21712.13,13538.24,2307.2,99.36,1307.61,3714.17,1296.08,2856.67,3838.81,21091.22,620.9,620.9,983.93,156,25.1,49.5,93.13,18.96,383.23,983.93,11.39,11.39
Balance Sheet of Allahabad Bank,46.1,14-Mar,2014,544.61,544.61,852.12,10404,11256.12,11800.73,190842.81,12130.77,5659.97,220434.28,8834.45,5460.66,63960.53,138006.57,1309.69,2862.38,220434.28,2841,24569,10,8,3,8068.04,6,5721.81,4,4,20159.18,65003.45,13911.82,4562.55,115.67,156.64,18746.68,2165.75,20912.43,13435.36,2245.04,81.82,1129.78,3456.64,416.95,2383.91,2848.41,19740.41,1172.02,1172.02,1401.33,294,3.28,320.74,136.15,23.14,363.02,1401.33,22.89,22.89
Balance Sheet of Syndicate Bank,40.7,18-Mar,2018,1417.27,1417.27,1549.83,11974.71,13524.54,14941.81,272776.11,29613.61,6645.61,323977.14,11684.16,9832.08,80354.23,210683.87,2478.1,8944.69,323977.14,4012,32578,12,9,3,25758.6,12,13239.46,6,6,5491.49,122848.78,15722.83,5199.59,713.14,140.4,21775.95,2805.9,24581.85,15223.93,3604.44,237.78,1651.84,5494.07,-1165.64,8252.33,7086.69,27804.69,-3222.84,-3222.84,-3222.84,0,61.89,-3284.73,0,0,0,-3222.84,-34,-34
Balance Sheet of Syndicate Bank,79.8,17-Mar,2017,904.54,904.54,1595.62,11684.02,13279.64,14184.18,260560.86,17475.52,6852.77,299073.34,13108.95,12123.23,65465.4,199669.35,2454.07,6252.34,299073.34,3933,34989,12,9,3,17609.31,9,10410.98,5,5,5527.9,93278.72,16856.16,5331.08,621.37,195.17,23003.79,3457.39,26461.18,16727.82,3793.95,137.3,1568.89,5500.13,888,3581.27,3874.28,26102.23,358.95,358.95,358.95,89.74,96.37,0,0,0,0,358.95,4.21,4.21
Balance Sheet of Syndicate Bank,127.4,16-Mar,2016,703.37,703.37,1612.36,10022.25,11634.61,12337.98,261735.34,25501.2,7652.92,307967.44,13338.56,15876.83,68621.87,201368.49,2406.91,6354.8,307967.44,3766,32097,11,8,3,13832.16,7,9014.87,4,4,11682.33,75677.58,17318.51,5284.58,593.65,1.04,23197.78,2508.73,25706.51,17213.08,2715.64,199.29,2251.96,5166.88,536.94,4348.1,4970.04,27350,-1643.49,-1643.49,-1643.49,0,48.15,-1691.64,0,0,0,-1643.49,-24.82,-24.82
Balance Sheet of Syndicate Bank,40.7,15-Mar,2015,662.06,662.06,918.48,11478.24,12396.72,13058.78,255388.1,26502.99,8185.39,303135.25,11974.54,11856.81,69339.67,202719.82,1608.36,5636.06,303135.25,3552,29134,11,8,3,6442.38,3,3843.65,2,2,9661.87,127396.34,16120,4889.69,588.7,16.78,21615.16,2109.59,23724.76,16094.87,2229.44,186.57,1206.59,3622.6,307.36,2011.33,2484.36,22201.83,1522.93,1522.93,1522.93,380.73,2,500.32,311.17,63.71,0,1522.93,24.38,24.38
Balance Sheet of Syndicate Bank,40.7,14-Mar,2014,624.58,624.58,946.57,10273.04,11219.61,11844.2,212343.3,19224.51,8449.46,251861.47,12711.99,2295.13,55539.38,173912.41,1468.84,5933.72,251861.47,3251,27222,11,9,3,4611.13,3,2720.6,2,2,8465.4,92185.7,14419.64,3781.39,294.9,124.4,18620.33,1324.88,19945.21,13080.5,2228.62,118.13,955,3301.75,72.99,1919.54,1851.49,18233.75,1711.46,1711.46,1711.46,427.86,1.07,612.82,370.06,31.85,0,1711.46,28.21,28.21
Balance Sheet of Vijaya Bank,49.7,18-Mar,2018,1304.15,1304.15,790.51,8532.54,9323.05,10627.2,157287.54,7299.79,2417.52,177632.05,4303.7,666.54,39511.66,116165.44,1301.48,15683.23,177632.05,2136,16079,14,12,2,7526.09,6,5021.24,4,4,9166.75,15001.06,9027.61,3083.82,2.83,475.59,12589.84,1600.61,14190.45,8286.95,1607.36,102.38,1095.95,2805.7,524.74,2114.59,2370.78,13463.43,727.02,727.02,2001.88,181.76,88.3,0,188.36,0,1463.47,2001.88,6.83,6.83
Balance Sheet of Vijaya Bank,67.95,17-Mar,2017,998.85,998.85,830.47,6322.18,7152.64,8151.49,133011.95,11061.8,2656.34,154881.58,5770.42,160.29,44424.55,94548.89,1318.76,8658.67,154881.58,2031,15679,13,10,3,2443,3,1660,2,2,2281.21,15920.14,8734.8,3359.09,0.44,285.12,12379.46,1651.26,14030.72,8873.02,1747.89,82.81,905.85,2736.55,307.76,1506.67,1670.67,13280.24,750.49,750.49,2087.73,187.62,364.93,0,180.33,0,1274.85,2087.73,7.57,7.57
Balance Sheet of Vijaya Bank,50.1,16-Mar,2016,932.56,932.56,873.86,5598.3,6472.16,7404.72,125440.72,10300.57,2042.72,145408.74,6268.35,351.2,41842.49,88986.96,1288.29,6671.44,145408.74,1863,14544,13,9,3,6027.07,7,4276.82,5,5,22989.1,22989.1,8847.46,2955.22,0.24,280.66,12083.58,873.86,12957.44,9322.74,1246.97,71.49,767.36,2085.82,0,1390.51,1167.07,12575.64,381.8,381.8,1483.98,95.45,51.29,0,0,0,1337.24,1483.98,4.44,4.44
Balance Sheet of Vijaya Bank,49.7,15-Mar,2015,859.12,859.12,236.52,5064.12,5300.64,6159.75,126343.35,7278.19,2861.79,142643.09,6534.29,817.54,44522.1,86695.86,566.64,3506.65,142643.09,1618,13617,11,8,3,2443.21,3,1659.81,2,2,3769.87,12791.24,8608.72,3346.87,3.08,314.86,12273.53,878.96,13152.49,9981.25,1165.55,54.53,692.13,1912.21,12.54,859.13,819.62,12713.08,439.41,439.41,1373.68,109.85,6.54,0,132.57,22.53,1102.19,1373.68,5.11,5.11
Balance Sheet of Vijaya Bank,49.7,14-Mar,2014,859.12,859.12,248.99,4779.81,5028.8,5887.92,124296.16,4744.8,2429.73,137358.61,5540.21,3917.45,42585.38,81504.03,528.95,3282.59,137358.61,1512,12822,11,8,3,1985.86,2,1262.37,2,2,3630.69,11727.74,7713.61,2605.02,3.05,384.88,10706.56,709.87,11416.43,8623.15,1039.8,64.15,585.6,1689.55,100,655.78,687.82,11000.52,415.91,415.91,1374.9,103.98,13.64,0,165.38,0,934.28,1374.9,7.64,7.64
Balance Sheet of Oriental Bank of Commerce,99.25,18-Mar,2018,632.77,632.77,1404.62,9749.37,11153.99,11786.76,207346.06,9694.06,4517.17,233344.04,12254.84,1426.59,69902.27,136367.87,2549.63,10842.84,233344.04,2389,21977,11,8,3,26133.6,18,14282.88,10,10,12114.11,37845.04,12128.27,4817,193.07,260.55,17398.89,2782.36,20181.25,12888.13,1756.63,217.86,1615.46,3589.95,-222.68,9797.6,9574.92,26052.99,-5871.74,-5871.74,-5871.74,0,0,0,0,0,-5871.74,-5871.74,-168.09,-168.09
Balance Sheet of Oriental Bank of Commerce,125.1,17-Mar,2017,346.17,346.17,1448.43,12326.77,13775.19,14121.36,219339.39,14592.19,5011.79,253064.73,10813.09,6613.14,59229.26,157706,2358.46,16344.77,253064.73,2376,21552,12,9,3,22859.27,14,14117.83,9,9,10303.78,40285.38,12808.85,5022.31,190.27,400.9,18422.33,2765.52,21187.85,13512.83,2099.34,68.32,1337.22,3504.88,-429.11,5693.31,5264.2,22281.92,-1094.07,-1094.07,-1093.43,0,0,0,0,0,-1081.89,-1093.43,-31.82,-31.82
Balance Sheet of Oriental Bank of Commerce,320.95,16-Mar,2016,321.4,321.4,1507.27,13112.48,14619.75,14941.14,208914.82,7897.42,5488.17,237541.54,9432.88,529.55,65657.84,148879.99,2271.9,10769.39,237541.54,2351,21469,12,9,3,14701.78,10,9932.15,7,7,10299.54,30363.24,14794.06,4774.99,54.73,434.93,20058.71,1766.28,21824.99,14684.14,2031.68,155.86,1271.25,3458.78,169.76,3356.23,3525.99,21668.91,156.08,156.08,156.22,40,18.76,0,22.5,4.58,0.64,156.22,5.2,5.2
Balance Sheet of Oriental Bank of Commerce,99.25,15-Mar,2015,299.85,299.85,621.9,12857.6,13479.5,13779.35,204009.7,6545.02,6179.52,230513.58,10188.38,587.42,68440.45,145261.3,1352.53,4683.49,230513.58,2251,20200,11,9,3,7666.22,5,4816.24,3,3,23230.64,37872.37,15144.99,4669.95,94.61,51.84,19961.38,2121.4,22082.78,14877.18,1637.46,169.06,1172.01,2978.52,134.7,3311.87,3449.57,21305.27,777.5,497.08,498.04,124,0,3,98.95,20.14,0.14,498.04,16.58,16.58
Balance Sheet of Oriental Bank of Commerce,99.25,14-Mar,2014,299.85,299.85,651.32,12479.51,13130.82,13430.67,193488.96,7863.61,5519.26,220302.5,9981.15,4287.77,61472.23,139079.84,1255.58,4225.94,220302.5,2126,19550,12,9,3,5617.86,4,3904.42,3,3,25877.38,53669.77,14564,4311.04,82.59,59.85,19017.48,1945.27,20962.75,13890.38,1676.7,129.33,1110.85,2916.88,439.71,2575.07,3016.08,19823.34,1139.41,1139.41,1139.58,285,0.23,333,227.89,38.73,0.97,1139.58,38.73,38.73
Balance Sheet of State Bank of Bikaner and Jaipur,0,18-Mar,2018,70,70,0,6672.8,6672.8,6742.8,94004.85,4888.36,4700.27,110336.27,9715.19,107.68,24782.37,72927.46,398.57,2405,110336.27,1316,13529,10,8,2,3602.76,5,2005.19,3,3,3002.47,47245.6,7518.32,1978.4,37.54,58.22,9592.47,1057.05,10649.52,6288.13,1125.99,96.46,833.9,2056.36,353.11,1101.36,1454.43,9798.92,850.6,850.6,850.6,255.18,14.9,386.68,100.1,20.38,0,850.6,121.51,121.51
Balance Sheet of State Bank of Bikaner and Jaipur,0,17-Mar,2017,70,70,0,5942.68,5942.68,6012.68,84239.27,7573.39,4476.2,102301.54,7787.2,149.66,22465.42,69548.42,392.71,1958.13,102301.54,1261,13238,12,9,3,2945.14,3,1769.17,3,3,3962.99,40543.53,7120.41,1824.34,49.01,11.69,9005.45,926.39,9931.84,6064.02,1012.91,37.47,713.34,1763.71,303.85,1023.09,1327.24,9154.97,776.87,776.87,776.87,233.06,10.51,336.51,100.1,20.01,0,776.87,110.98,110.98
Balance Sheet of State Bank of Bikaner and Jaipur,0,16-Mar,2016,70,70,0,5285.92,5285.92,5355.92,73874.73,6706.36,4939.97,90876.97,6746.4,260.27,17750.28,64172.09,264.19,1683.74,90876.97,1148,13359,12,9,3,2732.78,4,1770.85,3,3,4015.94,24249.57,6562.46,1550.56,30.76,24.77,8168.56,876.34,9044.9,5344.78,1295.63,75.55,634.26,2005.45,265.59,697.16,962.97,8313.21,731.69,731.69,731.69,219.51,14.31,330.86,100.1,17.01,0,731.69,104.53,104.53
Balance Sheet of State Bank of Bikaner and Jaipur,0,15-Mar,2015,70,70,0,4694.14,4694.14,4764.14,72116.22,5842.03,3294.44,86016.83,6155.86,180.73,20145.88,57534.97,231.32,1768.06,86016.83,1037,12831,12,9,3,2119.49,4,1303.28,2,2,3909.6,16710.54,5987.73,1456.71,22.11,31.64,7498.19,726.29,8224.47,4932.37,987.53,57.15,534.54,1579.23,269.71,712.62,982.63,7494.24,730.24,730.24,730.24,219.07,17.67,314.51,112.7,18.28,0,730.24,104.32,104.32
Balance Sheet of State Bank of Bikaner and Jaipur,0,14-Mar,2014,70,70,0,4094.88,4094.88,4164.88,61572.09,2954.98,3836.19,72528.13,4337.12,117.22,16669.48,49244.33,202.08,1957.92,72528.13,950,12866,14,10,4,1651.47,3,945.41,2,2,3041.31,9720.41,5077.91,1165.54,18.91,29,6291.36,598.97,6890.33,4069.96,819.82,53.82,457.11,1330.75,243.11,594.17,837.58,6238.3,652.03,652.03,652.03,195.61,7.8,297.6,101.5,16.47,0,652.03,95.05,95.05
Balance Sheet of State Bank of Travancore,0,18-Mar,2018,71.1,71.1,0,5950.02,5950.02,6021.12,101118.8,2949.44,4417.42,114506.78,5323.79,2495.89,36061.83,65466.27,444.85,4714.15,114506.78,1177,14892,12,9,2,3199.96,5,1813.67,3,3,8598.04,36888.28,6963.79,2454.64,89.85,100.59,9608.88,1148.19,10757.07,7054.96,1072.4,94.81,736.56,1903.78,67.78,1301.25,1460.6,10419.34,337.73,337.73,344.26,84.43,0,210.3,36.75,6.24,6.53,344.26,47.5,47.5
Balance Sheet of State Bank of Travancore,0,17-Mar,2017,59.25,59.25,0,5193.1,5193.1,5252.35,91076.94,3796.27,4995.84,105595.43,5339.93,667.93,26647.88,68720.61,431.95,3787.14,105595.43,1157,13775,11,9,2,2357.05,3,1398.66,2,2,8598.51,25512.87,7278.72,2238,43.35,8.54,9568.6,1014.79,10583.39,7285.47,1188.37,84.16,653.24,1925.77,231.84,811.83,1036.63,10247.86,335.53,335.53,338.55,83.88,0,205.15,36.75,6.24,6.52,338.55,56.63,56.63
Balance Sheet of State Bank of Travancore,0,16-Mar,2016,50,50,0,4524.82,4524.82,4574.82,89336.68,6818.37,4170.54,105285.42,4458.57,1200.6,27941.37,69404.61,339.01,1941.26,105285.42,1117,14491,11,8,2,3076.94,4,1928.5,3,3,9152.76,24144.51,7400.92,2224.35,49.91,31.37,9706.55,851.95,10558.5,7323.4,1198.83,79.97,586.61,1865.41,270,832.67,1065.35,10254.16,304.34,304.34,305.71,76.09,0,211.98,12.5,2.12,3.02,305.71,60.87,60.87
Balance Sheet of State Bank of Travancore,0,15-Mar,2015,50,50,0,4314.98,4314.98,4364.98,84623.72,8747.16,3843.46,101579.33,4544,223.7,27225.5,67483.62,286.29,1816.22,101579.33,1013,12150,9,7,3,1749.88,3,988.58,1,1,8418.47,15973.71,6746.1,1816.37,41.22,31.15,8634.84,653.02,9287.86,6506.64,884.76,58.76,486.7,1430.22,279.84,455.3,735.97,8672.82,615.04,615.04,621.9,153.76,14.55,0,100,16.22,1.37,621.9,123.01,123.01
Balance Sheet of State Bank of Travancore,0,14-Mar,2014,50,50,0,3816.16,3816.16,3866.16,71469.83,7607.32,3006.04,85949.34,4776.65,1040.02,22437.58,55345.95,243.27,2105.86,85949.34,879,12597,11,8,3,1488.75,3,853.57,2,2,8458.69,17663.4,5297.17,1378.9,18.38,134.31,6828.76,648.29,7477.05,4998.39,787.82,50.2,391.84,1229.86,236.79,501.05,738.34,6966.59,510.46,510.46,513.86,127.61,2.79,0,90,14.6,6.86,513.86,102.09,102.09
Balance Sheet of Bank of Maharashtra,15.2,18-Mar,2018,2598.45,2598.45,0,7345.51,7345.51,9943.96,138981.18,4063.71,3339.89,156328.75,15809.06,74.9,43622.8,85797.28,1516.68,9508.03,156328.75,1846,12932,11,9,2,18433.23,19,9641.19,11,11,4196.85,23584.24,7072.71,2962.41,589.68,471.62,11096.41,1506.05,12602.46,7706.68,1618.06,128.59,957.73,2704.39,-151.48,5457.18,3337.05,13748.11,-1145.65,-1145.65,-2537.65,0,0,26.49,0,0,-2543.66,-2537.65,-8.98,-8.98
Balance Sheet of Bank of Maharashtra,23.25,17-Mar,2017,1168.33,1168.33,1206.46,5004.73,6211.19,7379.52,139052.84,8136.65,4754.97,159323.98,15274.72,1367.3,38590.18,95515.23,1586.08,6990.47,159323.98,1880,12974,11,9,2,17188.72,17,11229.56,12,12,4021.47,29329.21,8469.96,2829.47,401.91,360.62,12061.96,1508.07,13570.03,8887.27,1807.29,117.62,930.78,2855.7,81.36,3970.14,3199.58,14942.54,-1372.51,-1372.51,-1312.87,0,87.25,0,0,0,-1392,-1312.87,-11.75,-11.75
Balance Sheet of Bank of Maharashtra,44,16-Mar,2016,1168.33,1168.33,1295.78,6323.03,7618.81,8787.14,138989.82,9228.1,3952.26,160957.32,8382.29,937.86,36230.87,107562.67,1694.42,6149.22,160957.32,1895,13765,11,9,2,10385.85,9,6832.03,6,6,7910.19,25817.68,9934.83,2735.2,52.02,330.94,13052.99,1019.29,14072.28,9174.29,1540.98,149.2,862.63,2552.81,322.51,1694.39,2244.49,13971.59,100.69,100.69,237.19,25.17,28.83,-6.76,0,0.31,59.64,237.19,0.91,0.91
Balance Sheet of Bank of Maharashtra,15.2,15-Mar,2015,1063.18,1063.18,1378.13,5626.02,7004.15,8067.33,122118.94,11126.72,4705.79,146018.79,6652.75,100.36,36714.79,98599.1,1432.17,2519.61,146018.79,1880,14189,12,9,3,6402.06,6,4126.57,4,4,6727.14,27613.48,9820.78,2751.48,57.07,36.12,12665.44,1005.98,13671.42,8790.4,1633.21,115.28,777.43,2525.93,449.29,1455.11,1904.4,13220.73,450.69,450.69,480.83,112.67,35.39,30.14,85.05,17.01,136.51,480.83,4.5,4.5
Balance Sheet of Bank of Maharashtra,15.2,14-Mar,2014,839.1,1427.1,1065.58,4875.47,5941.05,7368.14,116803.09,8326.47,3822.35,136320.05,5991.39,110.91,37249.58,88920.4,1446.01,2601.76,136320.05,1890,14396,11,7,3,2859.85,3,1807.32,2,2,5651.93,22535.23,9187.15,2543.03,150.63,75.84,11956.66,894.19,12850.85,8447.73,1595.76,99.99,701,2396.75,307.88,1233.77,1620.4,12464.88,385.97,385.97,385.97,96.49,12.86,0,83.91,23.25,30.14,385.97,4.56,4.56
Balance Sheet of UCO Bank,21.15,18-Mar,2018,2308.16,2308.16,2351.78,5165.25,7517.02,9825.18,181849.28,12449.26,6800.45,216056.18,8125.08,6622.96,70962.15,107470.02,2875.1,20000.87,216056.18,3104,23943,11,9,2,30549.92,25,14082.07,13,13,8837.8,123488.03,7981.61,5178.16,368.17,492.18,14020.13,1121,15141.13,10895.4,1841.82,151.84,917.82,2911.49,9.42,5761.19,5770.61,19577.5,-4436.37,-4436.37,-5596.01,0,7.82,0,0,0,-5603.83,-5596.01,-25.23,-25.23
Balance Sheet of UCO Bank,32.15,17-Mar,2017,1559.73,1559.73,2325.17,7718.57,10043.74,11603.47,201284.51,9534.96,7766.76,231339.71,8790.25,9309.63,74019.12,119724.45,2849.48,16646.77,231339.71,3100,24620,11,8,3,22540.95,17,10703.39,9,9,6644.41,51804.24,9871.29,5734.19,353.18,367.14,16325.8,2114.49,18440.29,12509.02,1920.58,153.14,931.47,3005.19,10.84,4765.91,4776.75,20290.96,-1850.67,-1850.67,-1122.49,0,0,0,0,0,-1122.49,-1122.49,-13.29,-13.29
Balance Sheet of UCO Bank,80.6,16-Mar,2016,1075.59,1075.59,2365.66,8145.71,10511.36,11586.95,207118.24,17240.44,8001.9,244882.53,7949.96,10609.28,83974.2,125905.37,2884.64,13559.09,244882.53,3073,24724,10,8,2,20907.73,15,11443.59,9,9,18543.36,47705.24,12293.45,5662.94,236.46,368.12,18560.97,1596.31,20157.28,13712.95,1835.31,136.58,869.05,2840.94,20.09,6382.55,6402.64,22956.54,-2799.26,-2799.26,713.82,0,43.39,0,0,0,728.18,713.82,-26.03,-26.03
Balance Sheet of UCO Bank,21.15,15-Mar,2015,1075.59,1075.59,609.73,10863.64,11473.36,12548.96,214336.71,10252.54,8778.71,245916.91,8267.52,13901.45,68859.43,147350.87,1114,6423.64,245916.91,3020,25236,12,9,3,10265.05,7,6330.58,4,4,21238.81,59252.79,13900.58,5194.51,195.06,68.84,19358.99,2003.54,21362.54,13796.54,1641.67,135.5,878.61,2655.78,444.06,3328.36,3772.42,20224.74,1137.8,1137.8,4087.74,284.45,32.08,0,215.12,43.01,3513.08,4087.74,11.2,11.2
Balance Sheet of UCO Bank,21.15,14-Mar,2014,1014.71,1014.71,712.97,9498.61,10211.58,11226.29,199533.55,20718.24,7646.68,239124.75,8049.21,6962.8,67451.69,149584.21,1061.76,6015.08,239124.75,2894,24557,13,9,5,6621.37,4,3556.43,2,2,16925.51,62639.42,13630.69,4385.69,114.1,99.45,18229.92,1320.51,19550.42,12170.83,1547.53,109.63,782.04,2439.2,378.67,3051.18,3429.85,18039.88,1510.54,1510.54,3625.12,377.64,0.62,0,252,42.83,2949.94,3625.12,19.44,19.44
Balance Sheet of Dena Bank,13.9,18-Mar,2018,2259.05,2259.05,0,6943.75,6943.75,9202.8,106130.14,3561,1965.85,120859.8,5894.74,62.73,37609.55,65581.51,1557.34,10153.93,120859.8,1872,13613,11,9,2,16361,22,7839,12,12,2595.34,51630.04,5832.91,2681.9,101.91,315.51,8932.22,1163.52,10095.75,6456.41,1587.5,79.72,800.96,2468.18,0,4349.91,3094.31,12018.9,-1923.15,-1923.15,-1923.15,0,0,0,0,0,-1923.15,-1923.15,-18.06,-18.06
Balance Sheet of Dena Bank,26.65,17-Mar,2017,787.15,787.15,0,6105.66,6105.66,6892.81,113942.77,5060.88,2841.73,129530.51,6010.86,253.47,39737.23,72574.62,1577.01,9377.34,129530.51,1874,13985,11,9,2,12618.73,16,7735.12,11,11,2679.07,43028.81,6968.79,2906.09,37.05,269.74,10181.67,1251.4,11433.07,7773.31,1484.08,3.13,782.33,2269.55,64.93,2665.57,2253.84,12296.7,-863.62,-863.62,-863.62,0,0,0,0,0,-863.62,-863.62,-11.89,-11.89
Balance Sheet of Dena Bank,60.35,16-Mar,2016,666.93,666.93,0,6474.54,6474.54,7141.48,117430.96,6271.33,2597.88,133441.64,5348.74,29.15,35226.22,82328.33,1368.22,9140.98,133441.64,1846,13906,11,9,2,8560.49,10,3322.32,6,6,6516.94,35477.41,7755.06,2608.11,37.99,244.57,10645.73,716.8,11362.53,8168.99,1448.13,84.51,735.61,2268.25,-55.3,2476.19,1860.62,12297.85,-935.32,-935.32,-935.32,0,0,0,0,0,-935.32,-935.32,-15.5,-15.5
Balance Sheet of Dena Bank,13.9,15-Mar,2015,561.15,561.15,0,6878.98,6878.98,7440.13,115936.08,3436,3108.34,129920.55,9085.05,590.63,36499.13,78934.31,1153.58,3657.84,129920.55,1739,13632,11,8,3,4393.04,5,1372.22,4,4,2607.66,39394.39,7970.3,2738.41,44.25,10.53,10763.49,721.33,11484.82,8315.62,1116.68,64.64,657.6,1838.92,-36.14,1262.87,1064.79,11219.34,265.48,265.48,265.48,79.64,0,125.24,50.35,10.25,0,265.48,4.94,4.94
Balance Sheet of Dena Bank,13.9,14-Mar,2014,537.82,537.82,0,6604.67,6604.67,7142.49,110027.69,5160.93,2532.38,124863.49,6243.95,128.77,36612.07,77553.77,1144.81,3180.1,124863.49,1633,13169,11,7,4,2616.03,3,1819,2,2,7542,51083.26,7353.18,2556.85,26.46,41.98,9978.48,916.73,10895.2,7473.4,1005.01,54.56,588.21,1647.77,31.69,1516.34,1222.38,10343.54,551.66,551.66,551.66,165.5,0,256.61,110.74,18.82,0,551.66,14.4,14.4
Balance Sheet of State Bank of Mysore,0,18-Mar,2018,48.01,48.01,570.78,4623,5193.78,5241.79,70568.29,4294.75,2870.17,82975,3665.58,34.97,20123.96,53954.18,970.91,4225.4,82975,1037,10650,12,9,3,3635.56,7,2257.18,4,4,3624.99,39359.22,5460.92,1472.56,34.86,159.44,7127.77,810.08,7937.85,5012.42,976.12,74.15,623.64,1673.9,128.06,765.62,893.67,7580,357.85,357.85,357.85,89.46,0,233.71,28.8,5.87,0,357.85,74.53,74.53
Balance Sheet of State Bank of Mysore,0,17-Mar,2017,48.01,48.01,570.78,4313.58,4884.35,4932.37,66063.76,5688.35,2784.45,79468.93,3891.92,364.27,20565.66,52025.86,936.59,1684.62,79468.93,1015,10193,12,9,3,2136.42,5,1121.58,2,2,6397.91,36637.25,5437.1,1447.18,45.94,9.76,6939.99,767.61,7707.59,4853.09,900.5,65.62,557.41,1523.53,187.23,734.96,922.18,7298.8,408.8,408.8,408.8,102.2,17.69,204.69,28.81,5.78,0,408.8,85.14,85.14
Balance Sheet of State Bank of Mysore,0,16-Mar,2016,48.01,48.01,559.72,3940.86,4500.59,4548.6,61560.32,5473.97,2393.46,73976.35,2858.84,82.38,19190.2,49481.95,860.32,1502.66,73976.35,944,10845,12,9,3,281887,6,163027,3,3,4170.99,23709.36,4906.22,1309.04,55.45,52.15,6322.86,572.56,6895.42,4396.44,783.56,61.37,489.62,1334.54,158.57,937.1,960.28,6691.26,204.16,274.25,274.25,68.56,0,191.28,14.4,0,0,274.25,57.39,57.39
Balance Sheet of State Bank of Mysore,0,15-Mar,2015,46.8,46.8,5.68,4280.05,4285.73,4332.53,56969.04,3854.2,2076.98,67232.76,2404.67,1100.09,16774.58,44932.57,824.28,1196.57,67232.76,780,10784,12,9,3,2080.63,5,1208.75,3,3,4754.96,13026.14,4787.77,1157.57,17.52,2.63,5965.48,595.59,6561.08,4125.28,640.24,47.04,417.47,1104.76,278.58,635.96,914.94,6144.98,416.1,416.1,416.1,104.02,19.86,170.89,53.82,8.73,0,416.1,88.91,88.91
Balance Sheet of State Bank of Mysore,0,14-Mar,2014,46.8,46.8,5.76,3935.97,3941.73,3988.53,50186.3,4425.59,1803.15,60403.57,3025.85,336.86,14732.7,39835.31,749.41,1723.44,60403.57,737,10249,13,9,3,1502.62,4,768.42,2,2,5502.89,13659.95,4063.27,1000.23,14.63,0.31,5078.43,516.39,5594.82,3494.14,620.58,50.04,370.45,1041.07,87.8,602.32,690.47,5225.68,369.15,369.15,369.15,92.29,0,176.49,46.8,7.59,0,369.15,78.88,78.88
Balance Sheet of Punjab & Sind Bank,33.75,18-Mar,2018,564.91,564.91,0,5617.77,5617.77,6182.69,101726.17,3682.98,2167.41,113759.24,6256.38,876.31,32981.76,66569.45,1082.6,5992.75,113759.24,1514,9320,11,0,0,7801.65,11,4607.87,7,7,763.73,6010.28,5231.52,2450.83,117.04,149.35,7948.75,581.2,8529.95,5713.56,1123,64.11,484.57,1671.68,519.72,1739.55,1888.51,9273.75,-743.8,-743.8,1113.48,10,0,116.49,0,0,986.99,1113.48,-13.16,-13.16
Balance Sheet of Punjab & Sind Bank,49.65,17-Mar,2017,400.41,400.41,0,5742.06,5742.06,6142.47,85540.16,2958.44,2002.37,96643.44,4364.68,225.1,27948.5,58334.53,1095.43,4675.2,96643.44,1500,9400,11,9,2,6297.59,10,4375.08,8,8,597.07,9729.68,5681.5,2255.59,43.73,192.06,8172.87,578.1,8750.97,6013.54,990.14,42.46,462.95,1495.55,70.63,1393.49,1040.79,8549.89,201.08,201.08,2013.86,50.5,33.77,0,0,0,1857.27,2013.86,5.02,5.02
Balance Sheet of Punjab & Sind Bank,60.75,16-Mar,2016,400.41,400.41,0,5569.81,5569.81,5970.22,91249.96,2839.01,2522.22,102581.42,3822.56,1080.01,27645.04,63916.07,1133.44,4984.3,102581.42,1488,9403,11,9,2,4229.05,6,2949.47,5,5,1271.91,14758.63,6655.35,1896.51,21.66,170.82,8744.34,478.49,9222.83,6568.55,894.03,45.74,444.62,1384.38,63.09,771.49,933.92,8886.85,335.97,335.97,2015.16,84,21.15,0,66.07,13.45,1812.78,2015.16,8.39,8.39
Balance Sheet of Punjab & Sind Bank,33.75,15-Mar,2015,400.41,400.41,0,5195.76,5195.76,5596.18,86714.72,3048.23,2394.28,97753.4,3756.11,463.4,26751.7,63870.18,994.83,1917.19,97753.4,1456,9180,11,8,3,3082.19,5,2266,4,4,926.93,14263.35,6374.81,2136.28,64.69,12.77,8588.55,428.75,9017.3,6909.35,874.33,46.04,412.13,1332.5,1.49,627.33,654.1,8895.95,121.35,121.35,1756.86,48,0,0,24.02,5.42,1679.19,1756.86,3.59,3.59
Balance Sheet of Punjab & Sind Bank,33.75,14-Mar,2014,275.28,475.28,0,4536,4536,5011.29,84730.16,2305.04,2462.66,94509.15,4834.49,1490.35,28294.11,57239.07,1002.72,1648.42,94509.15,1331,8870,11,8,3,3553.52,4,1918.6,3,3,1642.94,9661.9,5977.67,1880.19,82.03,32.82,7972.71,427.28,8399.99,6352.12,856.23,36.56,354.53,1247.32,0,554.21,499.92,8099.36,300.63,300.63,1843.71,75.25,0,41.03,60.56,31.35,1635.51,1843.71,10.69,10.69
Balance Sheet of Bandhan Bank,455,18-Mar,2018,1192.8,1192.8,0,8189.14,8189.14,9381.95,33869,285,774.11,44310.06,2837.07,2673.52,8371.94,29713.04,238.13,476.37,44310.06,0,0,0,0,0,0,0,0,0,0,0,76.24,3823.6,490.02,141.61,347.06,4802.3,706.18,5508.48,1770.06,687.98,85.92,534.41,1308.31,777.58,374.21,1084.55,4162.92,1345.56,1345.56,2393.99,336.39,0,0,0,0,2057.6,0,0,0
Balance Sheet of Bandhan Bank,477,17-Mar,2017,1095.14,1095.14,0,3351.31,3351.31,4446.46,23228.66,1028.94,1532.04,30236.09,6012.07,1352.93,5516.49,16839.08,251.79,263.74,30236.09,0,0,0,0,0,0,0,0,0,0,0,3.63,3121.42,428.05,79.03,280.21,3908.71,411.41,4320.12,1505.21,545.57,66.85,409.58,1022.01,625.18,88.44,680.96,3208.17,1111.95,1111.95,1327.33,277.99,0.91,0,0,0,1048.43,0,0,0
Balance Sheet of Bandhan Bank,455,16-Mar,2016,1095.14,1095.14,0,2239.36,2239.36,3334.5,12088.75,3051.65,1281.6,19756.5,810.29,2363.11,3758.03,12437.55,237.23,150.29,19756.5,0,0,0,0,0,0,0,0,0,0,0,4.9,1282.79,131.2,56.67,110.71,1581.36,149.89,1731.25,648.53,325.08,35.77,255.07,615.92,169.54,53.3,191.56,1456.01,275.25,275.25,275.82,68.96,0,-8.51,0,0,215.38,0,0,0
Balance Sheet of Bandhan Bank,455,15-Mar,2015,501.05,501.05,0,0.58,0.58,501.63,0,0,25.26,526.89,0.01,401.25,0,0,108.61,17.02,526.89,0,0,0,0,0,0,0,0,0,0,0,103.03,0,0,0,0,0,7.95,7.95,0,1.42,0.01,4.22,5.65,2.58,0,1.73,7.38,0.58,0.58,0.58,0,0,0,0,0,0.58,0,0,0
Balance Sheet of Bandhan Bank,455,14-Mar,2014,0,0,0,0,0,0,0,0,0,0,0,0,0,0,0,0,0,0,0,0,0,0,0,0,0,0,0,0,0,0,0,0,0,0,0,0,0,0,0,0,0,0,0,0,0,0,0,0,0,0,0,0,0,0,0,0,0
Balance Sheet of Yes Bank,186,18-Mar,2018,460.59,460.59,0,25297.69,25297.69,25758.28,200738.15,74893.58,11055.6,312445.6,11425.75,13308.62,68398.94,203533.86,832.39,14946.04,312445.6,1100,18238,18,13,5,2626.8,1,1312.75,1,1,1935.56,581829.64,15478.24,4102.53,516.07,170.58,20267.42,5223.83,25491.26,12530.36,2188.92,230.97,2792.89,5212.78,2238.52,1553.8,3523.55,21266.69,4224.56,4224.56,12157.96,1056.14,65.96,0,548.81,111.74,10375.3,12157.96,18.43,18.06
Balance Sheet of Yes Bank,341.1,17-Mar,2017,460.59,460.59,0,25297.69,25297.69,25758.28,200738.15,74893.58,11055.6,312445.6,11425.75,13308.62,68398.94,203533.86,832.39,14946.04,312445.6,1100,18238,18,13,5,2626.8,1,1312.75,1,1,1935.56,581829.64,15478.24,4102.53,516.07,170.58,20267.42,5223.83,25491.26,12530.36,2188.92,230.97,2792.89,5212.78,2238.52,1553.8,3523.55,21266.69,4224.56,4224.56,12157.96,1056.14,65.96,0,548.81,111.74,10375.3,12157.96,18.43,18.06
Balance Sheet of Yes Bank,764.75,16-Mar,2016,456.49,456.49,0,21597.57,21597.57,22054.06,142873.86,38606.67,11525.33,215059.92,6952.07,12597.37,50031.8,132262.68,683.54,12532.46,215059.92,1000,20125,17,13,4,2018.56,2,1072.27,1,1,1390,379564.16,12209.77,3796.84,257.82,160.21,16424.64,4156.76,20581.4,10627.34,1805.04,171.25,2140.25,4116.54,1839.55,793.41,2507.43,17251.3,3330.1,3330.1,8874.78,832.52,108.3,0,0,0,7933.39,8874.78,78.89,76.77
Balance Sheet of Yes Bank,186,15-Mar,2015,456.49,456.49,0,21597.57,21597.57,22054.06,142873.86,38606.67,11525.33,215059.92,6952.07,12597.37,50031.8,132262.68,683.54,12532.46,215059.92,1000,20125,17,13,4,2018.56,2,1072.27,1,1,1390,379564.16,12209.77,3796.84,257.82,160.21,16424.64,4156.76,20581.4,10627.34,1805.04,171.25,2140.25,4116.54,1839.55,793.41,2507.43,17251.3,3330.1,3330.1,8874.78,832.52,108.3,0,0,0,7933.39,8874.78,15.78,15.35
Balance Sheet of Yes Bank,186,14-Mar,2014,420.53,420.53,0,13366.07,13366.07,13786.6,111719.53,31658.98,8098.3,165263.41,5776.16,2442.26,48838.47,98209.93,470.72,9525.88,165263.41,860,15000,17,11,6,748.98,1,284.47,0,0,27308.95,332798.07,9711.48,3508.21,112.54,201.21,13533.44,2712.15,16245.59,8966.72,1296.8,110.56,1569.01,2976.37,1348.76,0,1763.05,13706.14,2539.45,2539.45,6759.5,634.86,73.48,0,420.53,85.62,5544.68,6759.5,60.62,59.31
Balance Sheet of RBL Bank,577.1,18-Mar,2018,419.67,419.67,0.94,6263.36,6264.3,6683.97,43902.26,9261.44,2003.08,61850.76,2589.33,1695.11,15447.5,40267.84,334,1516.97,61850.76,265,5330,15,14,2,566.73,1,312.56,1,1,1418.19,51395.93,3430.9,998.17,70.15,8.35,4507.57,1068.19,5575.75,2741.28,550.68,86.96,865.78,1503.41,378.18,364.52,695.98,4940.67,635.09,635.09,723.14,158.8,9.39,360,68.27,13.9,114.98,723.14,15.79,15.18
Balance Sheet of RBL Bank,538.75,17-Mar,2017,375.2,375.2,0.97,3959.41,3960.37,4335.58,34588.09,7979.76,1771.35,48674.77,2947.93,1245.72,13481.71,29449.04,258.71,1291.67,48674.77,239,4902,14,11,2,356.84,1,189.94,1,1,822.71,41904.46,2639.4,981.47,85.49,6.8,3713.16,755.46,4468.62,2491.82,446.14,61.5,548.74,1056.39,238.16,238.92,474.36,4022.58,446.05,446.05,449.96,111.6,0.31,250,0,0,88.05,449.96,12.59,11.8
Balance Sheet of RBL Bank,299.3,16-Mar,2016,324.73,324.73,0,2663.51,2663.51,2988.24,24348.65,10536.22,1286.98,39160.09,1339.75,1110.18,14436.03,21229.08,176.3,868.75,39160.09,197,3871,13,11,2,208.05,1,124.44,1,1,772.32,29718.22,1952.8,745.38,39.84,6.29,2744.31,490.54,3234.85,1925.1,369.92,48.36,349.06,767.34,157.54,114.41,249.93,2942.37,292.49,292.49,296.8,73.2,1,160,48.76,9.93,3.92,296.8,9.6,9.43
Balance Sheet of RBL Bank,577.1,15-Mar,2015,293.45,293.45,0,1935.95,1935.95,2229.4,17099.25,6962.7,812.3,27103.65,1455.68,714.66,9792.3,14449.83,163.41,527.78,27103.65,183,3465,13,13,0,111.23,1,38.59,0,0,513.51,21970.21,1413.57,517.91,9.96,11.65,1953.09,403.41,2356.49,1396.72,300.87,33.21,265.57,599.65,102.53,60.18,152.95,2149.32,207.18,207.18,208.45,51.8,2.46,105,36.68,7.17,4.32,208.45,7.23,7
Balance Sheet of RBL Bank,577.1,14-Mar,2014,272.04,272.04,0,1612.16,1612.16,1884.2,11598.6,3895.54,689.23,18197.08,980.73,211.52,6477,9835.05,133.29,559.49,18197.08,172,2798,15,14,0,77.75,1,30.51,0,0,200.42,12074.85,926.38,411.53,5.01,8.7,1351.62,260.97,1612.59,1009.99,184.93,20.94,218.03,423.9,25.35,46.18,86.03,1519.92,92.67,92.67,92.89,24,1.85,37,24.58,4.18,1.28,92.89,3.63,3.61
Balance Sheet of ING Vysya Bank,0,18-Mar,2018,188.64,188.64,0,6882.18,6882.18,7071.34,41216.77,9668.48,2456.64,60413.23,3295.2,2530.87,16720.76,35828.85,524.51,1513.04,60413.23,557,10059,17,15,2,262.95,1,102,0,0,9887.66,120379.45,3787.85,1399.95,2.16,15.26,5205.22,867.12,6072.34,3452.07,903.4,57.21,532.12,1492.73,347.45,149.78,469.69,5414.49,657.85,657.85,1766.62,164.46,0.08,0,114.26,19.98,1443.47,0,0,0
Balance Sheet of ING Vysya Bank,0,17-Mar,2017,154.85,154.85,0,4471.06,4471.06,4626.8,41334,6511.26,2364.39,54836.44,1944.72,888.75,18278.23,31772.03,499.6,1453.12,54836.44,546,9758,13,10,3,121.39,0,9.1,0,0,4549.9,119678.05,3549.81,1306.57,1.82,3.38,4861.58,726.88,5588.46,3322.95,750.69,50.97,471.15,1272.82,288.24,91.24,379.73,4975.5,612.96,612.96,1378.41,153.24,1.63,0,85.17,13.82,1108.77,0,0,0
Balance Sheet of ING Vysya Bank,0,16-Mar,2016,150.12,150.12,0,3828.08,3828.08,3979.79,35195.42,5696.49,2112.05,46983.75,1982.37,1248.19,12715.5,28721.4,500.8,1815.5,46983.75,531,10001,14,11,3,149.51,1,52.49,0,0,3599.69,120624.66,2867.82,981.87,0.58,6.54,3856.81,669.76,4526.56,2648.46,651.03,49.81,409.37,1110.21,197.63,113.73,311.59,4070.26,456.3,456.3,973.76,114.08,0.42,0,68.71,10.9,765.45,0,0,0
Balance Sheet of ING Vysya Bank,0,15-Mar,2015,120.99,120.99,0,2501.42,2501.42,2624.28,30194.25,4146.91,2048.53,39013.97,2183.78,337.64,11058.27,23602.14,502.84,1329.3,39013.97,511,7041,13,9,4,155.39,1,91.79,0,0,5334.2,57030.09,2032.63,646.3,2.05,13.08,2694.06,654.96,3349.02,1687.54,605.66,47.73,372.63,1026.02,164.99,151.6,316.82,3030.37,318.65,318.65,648.86,79.66,7.56,0,36.3,5.89,517.46,0,0,0
Balance Sheet of ING Vysya Bank,0,14-Mar,2014,0,0,0,0,0,0,0,0,0,0,0,0,0,0,0,0,0,0,0,0,0,0,0,0,0,0,0,0,0,0,0,0,0,0,0,0,0,0,0,0,0,0,0,0,0,0,0,0,0,0,0,0,0,0,0,0,0
Balance Sheet of Federal Bank,96.9,18-Mar,2018,394.43,394.43,5.01,11810.8,11815.81,12210.24,111992.49,11533.5,2577.73,138313.95,5132.76,4070.65,30781.07,91957.47,457.37,5914.63,138313.95,1252,12112,15,14,1,2795.62,3,1551.96,2,2,3123.36,26815.17,7538.78,1917.44,95.82,200.83,9752.86,1159.12,10911.98,6170.05,1242.47,123.17,1085.26,2450.9,461.03,947.17,1412.18,10033.14,878.85,878.85,2330.11,219.71,26.83,97.07,0,0,1742.49,2330.11,4.62,4.56
Balance Sheet of Federal Bank,115.05,17-Mar,2017,344.81,344.81,5.01,8592.56,8597.57,8942.38,97664.56,5897.32,2472.67,114976.93,4576.57,2875.61,28196.09,73336.27,489.47,5502.93,114976.93,1252,11593,12,12,1,1727.05,2,941.2,1,1,2568.35,23235.14,6545.68,1801.4,98.93,231.38,8677.38,1081.81,9759.19,5624.74,1163.75,122.17,923.61,2209.53,678.95,618.41,1094.12,8928.4,830.79,830.79,1887.77,207.7,65.85,131.43,0,0,1451.27,1887.77,4.83,4.76
Balance Sheet of Federal Bank,148.9,16-Mar,2016,343.79,343.79,0,7747.43,7747.43,8091.22,79171.71,2176.57,1990.54,91430.03,3774.54,1645.27,22217.49,58090.14,519.98,5182.61,91430.03,1252,11760,14,13,1,1667.77,3,950.01,2,2,2837.33,18933.07,5669.31,1759.63,55.96,259.79,7744.69,786.38,8531.07,5240.45,1052.85,105.45,708.54,1866.84,339.02,704.13,948.13,8055.42,475.65,475.65,1568.02,118.91,6.34,216.99,120.33,24.53,1056.98,1568.02,2.77,2.75
Balance Sheet of Federal Bank,96.9,15-Mar,2015,171.33,171.33,0,7566.8,7566.8,7738.14,70824.99,2308.24,1979.11,82850.48,3379.54,1400.45,24409.19,51284.99,466.63,1909.67,82850.48,1247,10981,15,15,1,1057.73,2,373.27,1,1,2122.07,16314.42,5446.83,1835.92,62.36,74.35,7419.47,878.31,8297.77,5039.06,891.96,74.59,664.38,1630.93,760.27,106.74,622.03,7292.02,1005.75,1005.75,1793.11,251.66,28.76,109.87,188.46,38.37,1092.37,1793.11,11.75,11.75
Balance Sheet of Federal Bank,96.9,14-Mar,2014,171.06,171.06,0,6779.53,6779.53,6950.59,59731.28,5687.96,2224.32,74594.15,3104.29,1425.09,24117.85,43436.1,424.96,2085.86,74594.15,1174,10467,15,15,1,1087.41,2,321.56,1,1,2425.03,22266.5,5011.08,1776.83,52.35,105.81,6946.08,693.85,7639.93,4717.47,771.54,93.74,576.79,1442.07,120.71,268.41,641.51,6801.04,838.89,838.89,1355.28,209.73,17.95,103.07,171.06,27.87,787.36,1355.28,9.81,9.81
Balance Sheet of IDFC Bank,46.25,18-Mar,2018,3404.07,3404.07,0,11852.46,11852.46,15256.54,48198.2,57287.07,5778.37,126520.18,3050.86,1840.94,61201.53,52164.89,784.13,7477.83,126520.18,150,5814,18,18,0,1779.05,3,891.16,2,2,0,215689.88,4722.95,4041.31,8.27,157.48,8930,1117.89,10047.9,7131.91,675.97,163.48,813.13,1652.59,-12.57,236.09,404.09,9188.59,859.3,859.3,2505.89,215,202,0,304.78,0,1709.67,0,0,0
Balance Sheet of IDFC Bank,62.75,17-Mar,2017,3399.01,3399.01,0,11277.97,11277.97,14678.05,40208.22,50262.19,7011.2,112159.66,3036.29,2065.71,50471.7,49401.68,786.55,6397.73,112159.66,74,3905,19,19,0,1542.1,3,576.47,1,1,0,203611.23,5088.42,3288.78,57.21,98.3,8532.71,1013.12,9545.83,6515.39,573.62,134.34,569.01,1276.98,-1.28,282.5,733.72,8526.09,1019.74,1019.74,2232.66,255,5.5,0,0.03,0,1646.59,0,0,0
Balance Sheet of IDFC Bank,70.7,16-Mar,2016,3392.62,3392.62,0,10236.61,10236.61,13632.55,8219.05,47913.83,4204.44,73969.87,1900.84,1003.07,20091.18,45699.43,672.85,4602.5,73969.87,65,2405,22,22,1,3058.3,6,1139.04,2,2,2634.97,70301.73,2351.41,1234.28,7.3,55.84,3648.83,403.2,4052.03,2801.5,256.63,40.75,213.21,510.58,214.25,24.17,273.09,3585.18,466.85,466.85,1660.56,118,82.5,0,85,17.14,1212.93,0,0,0
Balance Sheet of IDFC Bank,46.25,15-Mar,2015,0.05,0.05,0,-2.58,-2.58,-2.53,0,0,2.59,0.05,0.05,0,0,0,0,0,0.05,0,0,0,0,0,0,0,0,0,0,0,0,0,0,0,0,0,0,0,0,0,0,2.59,2.59,0,0,0,2.58,-2.58,-2.58,-2.58,0,0,0,0,0,-2.58,0,0,0
Balance Sheet of IDFC Bank,46.25,14-Mar,2014,0,0,0,0,0,0,0,0,0,0,0,0,0,0,0,0,0,0,0,0,0,0,0,0,0,0,0,0,0,0,0,0,0,0,0,0,0,0,0,0,0,0,0,0,0,0,0,0,0,0,0,0,0,0,0,0,0
Balance Sheet of City Union Bank,191.95,18-Mar,2018,66.47,66.47,0,4096.76,4096.76,4163.24,32852.62,1735.88,1185.51,39937.25,1861.8,774.65,7879.11,27852.79,223.13,1345.78,39937.25,0,0,16,0,0,856.55,3,474.78,2,2,0,0,2840.4,522.76,22.69,16.58,3402.42,532.1,3934.52,1972.12,315.88,52.46,386.3,754.65,216.89,417.75,615.75,3342.52,592,592,624.68,150,29.33,0,19.84,4.04,37.48,624.68,9.18,9.15
Balance Sheet of City Union Bank,174.5,17-Mar,2017,66.47,66.47,0,4096.76,4096.76,4163.24,32852.62,1735.88,1185.51,39937.25,1861.8,774.65,7879.11,27852.79,223.13,1345.78,39937.25,600,5319,16,16,0,856.55,3,474.78,2,2,319.09,5716,2840.4,522.76,22.69,16.58,3402.42,532.1,3934.52,1972.12,315.88,0,438.77,754.65,198,417.75,615.75,3342.52,592,592,0,0,0,0,0,0,0,0,9.18,9.15
Balance Sheet of City Union Bank,96.45,16-Mar,2016,60.11,60.11,0,3510.09,3510.09,3570.2,30115.74,531,1053.84,35270.78,1484.19,1394.79,7031.45,23832.7,215.08,1312.57,35270.78,550,4689,16,15,0,681.98,3,408.34,2,2,256.97,7176.35,2590.21,538.5,27.26,17.81,3173.79,483.95,3657.73,1975.02,298.14,53.01,337.82,688.97,180,300.97,490.97,3154.97,502.77,502.77,510.21,130,27.53,0,0,0,32.68,510.21,8.39,8.24
Balance Sheet of City Union Bank,191.95,15-Mar,2015,59.82,59.82,0,2992.18,2992.18,3052,27158.13,112.55,929.29,31251.96,1362.57,1237.5,6324.45,21056.92,217.56,1052.97,31251.96,525,4517,16,15,0,511.98,2,323.15,2,2,653.75,6160.5,2367.6,540.97,12.9,22.74,2944.21,409.98,3354.19,1963.17,213.17,52.43,292.13,557.73,150.94,230.59,388.59,2909.49,444.69,444.69,451.65,115,8.71,0,71.78,20.71,7.45,451.65,7.44,7.27
Balance Sheet of City Union Bank,191.95,14-Mar,2014,59.66,59.66,0,2635.87,2635.87,2695.52,24074.96,168.82,931.83,27871.13,1233.51,1303.26,6365.27,17965.5,210.41,793.18,27871.13,475,4365,17,16,0,335.82,2,232.79,1,1,674.22,7128.77,2166.2,519.83,12.83,0,2698.86,404.1,3102.96,1891.49,210.27,46.73,261.82,518.82,103.2,182.52,308.52,2718.83,384.13,395.02,401.89,103,7.6,0,65.62,13.36,6.96,401.89,6.82,6.73
Balance Sheet of Karur Vysya Bank,92.75,18-Mar,2018,145.33,145.33,0,6118.86,6118.86,6264.19,56890.09,2381.67,1393.17,66929.12,2960.07,1336.83,15803.21,44800.15,528.19,1500.67,66929.12,790,7956,14,14,1,3015.76,7,1862.83,4,4,2316.05,14837.61,4420.81,1122.93,77.21,78.7,5699.65,899.93,6599.59,3401.54,639.08,17.41,764.23,1420.72,206.71,1273.68,1431.65,6253.91,345.67,345.67,538.98,87,12.05,160,43.59,147.09,54.26,538.98,4.98,4.98
Balance Sheet of Karur Vysya Bank,123.75,17-Mar,2017,121.86,121.86,0,4913.83,4913.83,5035.7,53699.81,1695.65,1376.46,61807.62,2790.47,1554.62,14857.48,40907.72,418.61,1278.71,61807.62,711,7400,13,12,1,1483.81,4,1033.46,3,3,2921.43,11957.59,4401.69,1106.04,87.77,26.86,5622.35,782.22,6404.57,3548.65,607.96,85.89,591.1,1284.95,394.88,687.49,964.98,5798.58,605.98,605.98,608.18,152,73.87,164,0,0,193.31,608.18,9.95,9.95
Balance Sheet of Karur Vysya Bank,568.6,16-Mar,2016,121.86,121.86,0,4451.09,4451.09,4572.95,50078.9,1573.24,1438.63,57663.72,2529.06,262.54,13221.67,39084.38,420.12,2145.95,57663.72,667,7211,12,11,1,511.18,1,216.17,1,1,2720.22,10358.33,4329.37,1095.78,2.24,16,5443.4,706.82,6150.22,3662.03,547.38,82.81,622.57,1252.75,161.31,323.79,667.79,5582.58,567.63,567.63,569.12,145,4.61,181.63,170.61,34.73,2.2,569.12,46.59,46.59
Balance Sheet of Karur Vysya Bank,92.75,15-Mar,2015,121.63,121.63,0,4124.4,4124.4,4246.03,44690.27,2900.75,1315.42,53152.48,2692.92,56.17,12773.01,36108.94,411.17,1110.28,53152.48,629,7197,15,14,1,677.78,2,280.97,1,1,4360.48,10744.76,4211.31,1177.56,6.24,0.77,5395.88,580.84,5976.72,3929.97,547.05,81.36,475.04,1103.45,26.51,480.51,487.68,5521.1,455.61,464.28,465.39,120,12.16,58.5,157.99,32.25,1.49,465.39,39.86,39.78
Balance Sheet of Karur Vysya Bank,92.75,14-Mar,2014,107.18,107.18,0,3219.16,3219.16,3326.34,43757.68,3293.31,1165.82,51543.15,2546.2,132.03,13247,33992.13,384.7,1241.09,51543.15,572,7340,13,12,1,279.18,1,139.91,0,0,3760.86,9651.76,3872,1197.38,10.92,35.66,5115.96,564.45,5680.41,3832.26,527.92,74.69,407.76,1010.36,0,442.31,408.2,5250.81,429.6,429.6,430.62,128,1.75,157,139.99,23.79,1.1,430.62,40.08,39.78
Balance Sheet of HDFC Bank,2116.8,18-Mar,2018,519.02,519.02,0,105775.98,105775.98,106295,788770.64,123104.97,45763.72,1063934.32,104670.47,18244.61,242200.24,658333.09,3607.2,36878.7,1063934.32,4787,88253,15,13,2,8606.97,1,2601.02,0,0,42753.83,875488.23,62661.79,16222.37,523.88,833.31,80241.36,15220.3,95461.66,40146.49,6805.74,906.34,14978.3,22690.38,10107.25,5927.49,15138.06,77974.93,17486.73,17486.73,50155.67,4371.68,235.52,0,0,0,40453.42,50155.67,67.76,66.84
Balance Sheet of HDFC Bank,1863.55,17-Mar,2017,519.02,519.02,0,105775.98,105775.98,106295,788770.64,123104.97,45763.72,1063934.32,104670.47,18244.61,242200.24,658333.09,3607.2,36878.7,1063934.32,4787,88253,15,13,2,8606.97,1,2601.02,0,0,42753.83,875488.23,62661.79,16222.37,523.88,833.31,80241.36,15220.3,95461.66,40146.49,6805.74,906.34,14978.3,22690.38,10107.25,5927.49,15138.06,77974.93,17486.73,17486.73,50155.67,4371.68,235.52,0,0,0,40453.42,50155.67,67.76,66.84
Balance Sheet of HDFC Bank,974.7,16-Mar,2016,512.51,512.51,0,88949.84,88949.84,89462.35,643639.66,74028.87,56709.32,863840.19,37896.88,11055.22,214463.34,554568.2,3626.74,42229.82,863840.19,4715,84325,15,13,2,5885.66,1,1843.99,0,0,30848.04,817869.59,52055.26,15944.34,532.02,774.34,69305.96,12296.5,81602.46,36166.73,6483.66,833.12,12386.55,19703.34,7916.97,3593.31,11182.74,67052.82,14549.64,14549.64,38077.33,3637.41,313.41,0,0,0,32668.94,38077.33,57.18,56.43
Balance Sheet of HDFC Bank,2116.8,15-Mar,2015,512.51,512.51,0,88949.84,88949.84,89462.35,643639.66,74028.87,56709.32,863840.19,37896.88,11055.22,214463.34,554568.2,3626.74,42229.82,863840.19,4715,84325,15,13,2,5885.66,1,1843.99,0,0,30848.04,817869.59,52055.26,15944.34,532.02,774.34,69305.96,12296.5,81602.46,36166.73,6483.66,833.12,12386.55,19703.34,7916.97,3593.31,11182.74,67052.82,14549.64,14549.64,38077.33,3637.41,313.41,0,0,0,32668.94,38077.33,57.18,56.43
Balance Sheet of HDFC Bank,2116.8,14-Mar,2014,505.64,505.64,0,72172.13,72172.13,72677.76,546424.19,53018.47,36725.13,708845.57,30058.31,8860.53,163885.77,464593.96,3343.16,38103.84,708845.57,4520,87555,16,13,2,4392.83,1,1320.37,0,0,55242.58,821565.54,44827.86,14120.03,361.61,911.95,60221.45,10751.72,70973.17,32629.93,5702.2,705.84,10571.66,16979.7,6507.59,2725.61,9067.32,58676.96,12296.21,12296.21,30924.01,3074.05,222.15,0,2401.78,488.95,23527.69,30924.01,48.84,48.26
Balance Sheet of ICICI Bank,382.25,18-Mar,2018,1285.81,1285.81,3003.19,100864.37,103867.56,105158.94,560975.21,182858.62,30196.4,879189.16,33102.38,51067,202994.18,512395.29,7903.51,71726.8,879189.16,4867,81548,18,16,3,53240.18,10,27823.56,5,5,28588.36,1289244,40866.21,11568.17,663.38,1868.14,54965.89,17419.63,72385.52,31940.05,5913.95,780.74,9009.25,15703.94,2661.85,17306.98,17964.11,65608.1,6777.42,6777.42,25522.36,1694.4,2565.46,700,1457.46,8.73,18495.26,25522.36,10.56,10.46
Balance Sheet of ICICI Bank,312.15,17-Mar,2017,1285.81,1285.81,3003.19,100864.37,103867.56,105158.94,560975.21,182858.62,30196.4,879189.16,33102.38,51067,202994.18,512395.29,7903.51,71726.8,879189.16,4867,82724,18,16,3,53240.18,0,27823.56,5,5,28588.36,1289244,40866.21,11568.17,663.38,1868.14,54965.89,17419.63,72385.52,31940.05,5913.95,780.74,9009.25,15703.94,2661.85,17306.98,17964.11,65608.1,6777.42,6777.42,25522.36,1694.4,2565.46,700,1457.46,8.73,18495.26,25522.36,10.56,10.46
Balance Sheet of ICICI Bank,342.1,16-Mar,2016,1165.11,1165.11,3042.14,95737.57,98779.71,99951.07,490039.06,147556.15,34245.16,771791.45,31702.41,44010.66,161506.55,464232.08,7805.21,62534.55,771791.45,4850,81129,17,14,3,42159.38,9,25216.81,5,5,22623.19,1030993.71,39603.39,11377.07,495.46,2680.35,54156.28,19504.48,73660.76,32418.96,5733.71,757.65,8263.7,14755.06,2180.12,13802.94,16685.66,63859.67,9801.09,9801.09,26933.28,2450.3,5293.3,0,0,0,18744.94,26933.28,16.84,16.77
Balance Sheet of ICICI Bank,382.25,15-Mar,2015,1165.11,1165.11,3042.14,95737.57,98779.71,99951.07,490039.06,147556.15,34245.16,771791.45,31702.41,44010.66,161506.55,464232.08,7805.21,62534.55,771791.45,4850,82841,17,14,3,42159.39,9,25216.81,5,5,22623.19,1030993.71,39603.39,11377.07,495.46,2680.35,54156.28,19504.48,73660.76,32418.96,5733.71,757.65,8263.7,14755.06,2180.12,15208.14,16685.66,63859.67,9801.09,9801.09,26933.28,2450.3,5293.3,0,0.95,-7.19,18744.94,26933.28,15.31,15.25
Balance Sheet of ICICI Bank,382.25,14-Mar,2014,1163.17,1163.17,2817.47,85748.24,88565.72,89735.58,421425.71,174807.38,34726.44,720695.1,27106.09,32762.65,160411.8,435263.94,7576.92,57573.7,720695.1,4450,72175,17,13,4,26221.25,6,12963.08,3,3,68932.74,853520.77,38943.15,10625.35,158.24,3012.69,52739.43,15323.05,68062.49,31515.39,3012.69,679.29,8972.36,12683.56,5788.61,11667.82,14137.25,58336.2,9726.29,9726.29,26987.7,2431.6,2382.24,500,2907.52,279.37,17132.19,26987.7,16.75,16.65
Balance Sheet Kotak,1238.25,18-Mar,2018,952.82,952.82,0,0,0,0,192643.27,25154.15,0,0,0,0,64562.35,169717.92,0,9505.86,264933.4,0,0,0,0,0,0,0,0,0,0,0,229360.15,14727.95,3933,755.29,332.25,19748.5,4052.21,23800.7,10216.81,2950.23,302.69,3172.8,6425.72,2080.6,939.95,3073.87,19716.4,4084.3,4084.3,14840.59,1021.08,24,0,114.21,21.7,13604.6,14840.59,21.54,21.51
Balance Sheet Kotak,1006.35,17-Mar,2017,519.02,519.02,0,0,0,0,788770.64,123104.97,0,0,0,0,242200.24,658333.09,0,36878.7,1063934.31,0,0,0,0,0,0,0,0,0,0,0,483718.75,14727.95,3933,755.29,332.25,19748.5,4052.21,23800.7,10216.81,2950.23,302.69,3172.8,6425.72,2133.92,939.95,3073.87,19716.4,4084.3,4084.3,14840.59,1021.08,24,0,114.21,21.7,13604.6,14840.59,21.54,21.51
Balance Sheet Kotak,1361,16-Mar,2016,1285.81,1285.81,0,0,0,0,560975.21,182858.62,0,0,0,0,202994.18,512395.29,0,71726.8,879189.16,0,0,0,0,0,0,0,0,0,0,0,865409.07,13402.1,3681.04,218.32,397.47,17698.93,3477.16,21176.09,9572.78,2768.53,290.66,2559.3,5618.5,1800.31,836.74,2573.31,17764.59,3411.5,3411.5,11625.62,852.88,10.55,0,0.07,-0.68,10756.29,11625.62,18.57,18.55
Balance Sheet Kotak,1238.25,15-Mar,2015,513.31,513.31,0,0,0,0,453622.72,148016.14,0,0,0,0,153876.08,439650.3,0,50376.62,691329.57,0,0,0,0,0,0,0,0,0,0,0,776181.32,13402.1,3681.04,218.32,397.47,17698.93,3477.16,21176.09,9572.78,2768.53,290.66,2559.3,5618.5,1800.31,836.74,2573.31,17764.59,3411.5,3411.5,11625.62,852.88,10.55,0,0.07,-0.68,10756.29,11625.62,18.57,18.55
Balance Sheet Kotak,1238.25,14-Mar,2014,600.22,600.22,0,0,0,0,151639.17,38289.08,0,0,0,0,50076.72,144953.66,0,12041.16,221626.17,0,0,0,0,0,0,0,0,0,0,0,358130.43,12470.37,3456.01,92.91,364.9,16384.18,2612.23,18996.42,9483.81,2816.97,287.38,2367.17,5471.52,1036.12,917.37,1951.31,16906.64,2089.78,2089.78,8859.75,522.45,9.17,0,91.84,18.7,8214.12,8859.75,11.42,11.4
Balance Sheet of Axis Bank,670.1,18-Mar,2018,513.31,513.31,0,62931.95,62931.95,63445.26,453622.72,148016.14,26245.45,691329.58,35481.06,7973.83,153876.08,439650.3,3971.68,50376.62,691329.58,3703,59614,17,13,4,34248.64,7,16592,4,4,49565.6,0,34137.47,9983.3,387.83,1271.71,45780.31,10967.09,56747.4,27162.58,4312.96,568.1,9109.29,13990.34,1671.19,13830.14,15318.8,56471.72,275.68,275.68,24724.01,68.92,101.66,0,1405.28,0,23043.05,24724.01,1.13,1.12
Balance Sheet of Axis Bank,565.15,17-Mar,2017,513.31,513.31,0,62931.95,62931.95,63445.26,453622.72,148016.14,26245.45,691329.58,35481.06,7973.83,153876.08,439650.3,3971.68,50376.62,691329.58,3703,59614,17,13,4,34248.64,7,16592,4,4,49565.6,735297.7,34137.47,9983.3,387.83,1271.71,45780.31,10967.09,56747.4,27162.58,4312.96,568.1,9109.29,13990.34,1671.19,15472.91,15318.8,56471.72,275.68,275.68,24724.01,68.92,101.66,0,1405.28,0,23043.05,24724.01,1.13,1.12
Balance Sheet of Axis Bank,495.4,16-Mar,2016,479.01,479.01,0,55283.53,55283.53,55762.54,414378.79,105030.87,26295.47,601467.67,30857.94,19398.24,128793.37,373069.35,3746.89,45601.87,601467.67,3304,56617,15,12,3,21280.48,5,8626.6,2,2,81055.36,669625.84,33124.96,9622.82,503.84,1290.54,44542.16,11691.31,56233.47,26449.04,3891.86,508.8,7799.24,12199.91,4988.9,12116.96,13905.24,52554.19,3679.28,3679.28,27445.74,919.82,755.57,0,1407.43,0,24448.33,27445.74,15.4,15.34
Balance Sheet of Axis Bank,670.1,15-Mar,2015,479.01,479.01,0,55283.53,55283.53,55762.54,414378.79,105030.87,26295.47,601467.67,30857.94,19398.24,128793.37,373069.35,3746.89,45601.87,601467.67,3304,56617,15,12,3,21280.48,5,8626.6,2,2,81055.36,0,33124.96,9622.82,503.84,1290.54,44542.16,11691.31,56233.47,26449.04,3891.86,508.8,7799.24,12199.91,4988.9,12116.96,13905.24,52554.19,3679.28,3679.28,27445.74,919.82,755.57,0,1197.52,209.91,24448.33,27445.74,15.4,15.34
Balance Sheet of Axis Bank,670.1,14-Mar,2014,476.57,476.57,0,52688.34,52688.34,53164.91,357967.56,99226.38,15108.77,525467.62,22361.15,10964.29,122006.2,338773.72,3523.17,27839.08,525467.62,2904,50135,15,13,3,6087.51,2,2522.14,1,1,80764.78,587961.04,30040.56,9377.59,295.25,1274.64,40988.04,9371.46,50359.5,24155.07,3376.01,443.91,6280.9,10100.82,4241.96,3709.91,7879.95,42135.84,8223.66,8223.66,25847.15,2055.92,62.04,0,1191.42,213.19,22364.65,25847.15,34.59,34.4
Balance Sheet of IndusInd Bank,1601.75,18-Mar,2018,600.22,600.22,362.2,22864.65,23226.85,23841.64,151639.17,38289.08,7856.27,221626.16,10962.41,2253.47,50076.72,144953.66,1338.75,12041.16,221626.16,1400,25284,15,15,0,1704.91,1,745.67,1,1,37415.48,662099.16,13699.91,3074.38,321.48,184.99,17280.75,4750.1,22030.85,9783.3,1780.69,211.64,3599.11,5591.44,1900.02,1175.43,3050.12,18424.86,3605.99,3605.99,10724.37,901.5,7.62,0,432.24,0,9311.49,10724.37,60.19,59.57
Balance Sheet of IndusInd Bank,1723.25,17-Mar,2017,600.22,600.22,362.2,22864.65,23226.85,23841.64,151639.17,38289.08,7856.27,221626.16,10962.41,2253.47,50076.72,144953.66,1338.75,12041.16,221626.16,1400,25284,15,15,0,1704.91,1,745.67,1,1,37415.48,662099.16,13699.91,3074.38,321.48,184.99,17280.75,4750.1,22030.85,9783.3,184.99,211.64,5194.81,5591.44,1900.02,1175.43,3050.12,18424.86,3605.99,3605.99,10724.37,901.5,7.62,0,432.24,0,9311.49,10724.37,60.19,59.57
Balance Sheet of IndusInd Bank,799.45,16-Mar,2016,598.15,598.15,374.59,19658.18,20032.77,20646.12,126572.22,22453.69,8976.38,178648.41,7748.75,10879.51,36702.14,113080.51,1335.23,8902.28,178648.41,1200,25314,15,15,1,1054.87,1,438.9,0,0,19006.91,406387.19,11479.11,2466.89,330.83,128.84,14405.67,4171.49,18577.16,8343.07,1521.02,190.7,3071.36,4783.08,1681.33,1091.34,2583.13,15709.27,2867.89,2867.89,7881.35,716.97,45.54,0,0.46,0,7118.38,7881.35,48.06,47.56
Balance Sheet of IndusInd Bank,1601.75,15-Mar,2015,598.15,598.15,374.59,19658.18,20032.77,20646.12,126572.22,22453.69,8976.38,178648.41,7748.75,10879.51,36702.14,113080.51,1335.23,8902.28,178648.41,1200,25314,15,15,1,1054.87,1,438.91,0,0,19006.91,406387.19,11479.11,2466.89,330.83,128.84,14405.67,4171.49,18577.16,8343.07,1521.02,190.7,3071.36,4783.08,1681.33,1091.34,2583.13,15709.27,2867.89,2867.89,7881.35,716.97,45.54,0,0.46,0,7118.38,7881.35,48.06,47.56
Balance Sheet of IndusInd Bank,1601.75,14-Mar,2014,594.99,594.99,380.77,16706.45,17087.22,17695.98,93000.35,22155.86,7204.81,140056.99,4521.04,5590.83,31214.31,88419.34,1255.32,9056.14,140056.99,1000,23060,16,15,1,776.82,1,321.75,0,0,20272.94,278589.23,9244.56,1780.63,408.5,146.97,11580.66,3296.95,14877.61,7064.09,1236.09,156.52,2279.49,3672.1,1332.38,672.16,1854.97,12591.16,2286.45,2286.45,5950.47,571.61,13.21,0,292.62,59.57,5013.45,5950.47,39.68,39.26
Balance Sheet of DCB Bank,177.5,18-Mar,2018,308.08,308.08,250.44,2247.9,2498.34,2807.83,24006.86,1926.71,1480.69,30222.09,1136.39,1235.59,6218.96,20336.69,494.02,800.44,30222.09,318,5790,16,13,4,369.03,2,146.72,1,1,409.32,6948.35,1940.27,420.79,18.03,33.9,2412.99,310.28,2723.26,1417.56,381.23,53.36,346.14,780.73,167.83,138.8,279.63,2477.92,245.34,245.34,519.41,61.34,3.24,-6.07,18.49,0,426.71,519.41,8.02,7.85
Balance Sheet of DCB Bank,204.45,17-Mar,2017,285.36,285.36,256.5,1661.43,1917.94,2204.88,19289.21,1275.81,1276.48,24046.38,858.3,334.16,5817.94,15817.63,488.57,729.77,24046.38,262,4979,14,12,2,254.2,2,124.41,1,1,434.53,2629.74,1647.95,393.52,5.78,28.9,2076.15,249.45,2325.6,1279.06,308.03,39.03,281.27,628.33,115.72,111.49,218.53,2125.92,199.68,199.68,336.19,49.92,1.8,-2.41,0,0,274.07,336.19,7.01,6.87
Balance Sheet of DCB Bank,120.9,16-Mar,2016,284.44,284.44,50.22,1455.98,1506.2,1792.17,14925.99,1147.9,1252.47,19118.52,703.37,188.2,4333.33,12921.39,248.02,724.22,19118.52,198,4248,14,13,1,197.38,2,97.46,1,1,657.16,1807.55,1354.11,307.78,3.77,32.81,1698.46,220.46,1918.92,1078.96,245.09,30.28,215.56,490.93,99.22,87.91,154.5,1724.4,194.52,194.52,190.3,48.63,0.68,-2.37,0,0,136.51,190.3,6.86,6.77
Balance Sheet of DCB Bank,177.5,15-Mar,2015,282.01,282.01,51.41,1251.95,1303.36,1588.58,12609.13,1163.8,770.81,16132.31,633.68,85.49,4470.56,10465.06,236.68,240.83,16132.31,154,3352,15,14,1,186.07,2,105.7,1,1,375.71,2456.57,1098.28,282.52,5.11,36.51,1422.42,165.72,1588.14,914.2,196.03,23.36,177.1,396.49,48.49,47.57,86.26,1396.95,191.18,191.18,46.65,47.8,0.03,0,0,0,-4.23,46.65,7.21,7.03
Balance Sheet of DCB Bank,177.5,14-Mar,2014,250.32,250.32,52.6,848.07,900.67,1153.96,10325.16,860.16,583.86,12923.14,505.07,184.5,3634.22,8140.19,238.64,220.51,12923.14,130,0,14,13,1,138.45,2,74.02,1,1,680.34,2271.16,867.87,245.31,14.24,0.84,1128.26,138.66,1266.92,759.87,157.08,17.97,144.03,319.09,1.84,34.76,36.6,1115.56,151.36,151.36,-98.1,37.84,0.22,0,0,0,-138.41,-98.1,6.05,5.99
Balance Sheet of Karnataka Bank,113.9,18-Mar,2018,282.62,282.62,416.22,4711.32,5127.53,5410.15,62871.29,815.97,1276.27,70373.68,3545.82,55.19,15444.45,47251.75,761.6,3314.86,70373.68,800,8185,12,11,1,2376.07,5,1400.51,3,3,2407.27,7519.18,4081.93,1161.53,15.87,164.42,5423.75,954.34,6378.09,3566.1,524.79,50.06,763.98,1338.83,-15.45,1163.01,1147.56,6052.49,325.61,325.61,462.75,82,51.05,91.25,113.04,23.01,102.23,462.75,11.52,11.52
Balance Sheet of Karnataka Bank,161.6,17-Mar,2017,282.62,282.62,0,4859.97,4859.97,5142.58,56733.11,832.62,1418.23,64126.55,2929.27,344.76,20219.73,37003.65,720.57,2908.57,64126.55,765,7981,13,12,1,1581.59,4,974.73,3,3,1925.77,5336.03,3793.56,1298.23,2.19,91.42,5185.4,809.34,5994.74,3694.78,601.03,49.75,653.38,1304.16,15.69,527.85,543.54,5542.48,452.26,452.26,452.29,125,112.8,45.3,0,0,137.14,452.29,19.38,19.38
Balance Sheet of Karnataka Bank,141.45,16-Mar,2016,188.47,188.47,0,3502.12,3502.12,3690.58,50488.21,1051.48,1270.06,56500.33,2645.62,399.3,16256.65,33902.45,306.64,2989.67,56500.33,725,7792,12,11,1,1180.4,3,795.47,2,2,2018.33,5367.36,3700.48,1189.9,2.6,99.23,4992.21,542.86,5535.07,3689.34,443.02,42.23,505.94,991.2,112.71,326.53,439.24,5119.78,415.29,415.29,415.69,230,8.85,41.4,94.23,19.18,0.03,415.69,22.04,22.03
Balance Sheet of Karnataka Bank,113.9,15-Mar,2015,188.46,188.46,0,3200.6,3200.6,3389.06,46008.61,1037.76,1401.18,51836.6,2488.45,125.71,15988.06,31679.99,291.85,1262.54,51836.6,675,7382,12,11,2,944.21,3,623.55,2,2,4586.61,7832.61,3505.56,1184.63,1.98,6.24,4698.42,507,5205.41,3529.57,524.66,-14.17,391.97,902.47,107.95,213.97,321.92,4753.96,451.45,451.45,451.61,230,3.15,58.8,94.23,19.72,0.4,451.61,23.96,23.95
Balance Sheet of Karnataka Bank,113.9,14-Mar,2014,188.42,188.42,0,2863.78,2863.78,3052.2,40582.83,1915.19,1478.58,47028.8,2152.73,184.67,15226.78,28345.49,197.48,921.65,47028.8,600,7185,13,11,2,835.94,3,538.04,2,2,3415.35,8431.21,3161.55,1021.92,2.73,2.63,4188.83,505.58,4694.41,3132.76,525.4,25.53,323.67,874.6,97.62,278.39,376.01,4383.38,311.03,311.03,311.12,147,0,64,75.41,12.82,0.16,311.12,16.51,16.5
Balance Sheet of South Indian Bank,15.4,18-Mar,2018,180.88,180.88,240.32,4820.02,5060.34,5243.17,72029.59,4043.38,1369.73,82685.87,3258.24,962.81,18363.08,54562.89,680.78,4858.08,82685.87,854,7946,13,10,2,1980.3,4,1415.8,3,3,1192.87,11507.65,4769.18,1269.5,19.07,135.06,6192.81,837.24,7030.06,4227.29,713.22,63.73,545.03,1321.98,142.28,980.9,1145.9,6695.16,334.89,334.89,690.55,83.73,29.88,50,0,0,354.03,690.55,1.86,1.85
Balance Sheet of South Indian Bank,33.15,17-Mar,2017,180.28,180.28,243.84,4421.34,4665.19,4848.49,66117.49,1957.76,1388.42,74312.15,3077.98,809.74,19429.67,46389.47,656.1,3949.19,74312.15,850,7677,12,11,1,1149.01,2,674.56,1,1,980.1,7215.15,4447.42,1233.48,24.04,142.15,5847.08,715.56,6562.65,4171.65,676.52,65.38,434.51,1176.4,198.92,614.37,822.09,6170.14,392.5,392.5,566.21,98.13,39.55,50,0,0,355.66,566.21,2.61,2.61
Balance Sheet of South Indian Bank,30.05,16-Mar,2016,135.03,135.03,133.62,3573.27,3706.9,3845.58,55720.73,2314.96,1293.61,63174.88,2476.13,623.34,14618.93,41085.75,486.99,3883.74,63174.88,834,7780,12,10,2,1562.36,4,1185.26,3,3,4726.99,13906.5,4363.59,1007.78,28.77,157.05,5557.2,517.42,6074.62,4047.5,692.25,67.03,388.56,1147.84,143.07,369.61,546.01,5741.36,333.27,333.27,428.49,83.32,24.53,50,67.52,13.74,173.71,428.49,2.47,2.47
Balance Sheet of South Indian Bank,15.4,15-Mar,2015,135.02,135.02,138.58,3315.81,3454.39,3591.79,51912.49,2232.47,1379.57,59116.32,2441.58,1153.5,16717.16,37391.64,479.05,933.39,59116.32,822,7825,12,10,2,643.45,2,357.05,1,1,1306.74,26467.77,4152.97,1053.73,79.53,0,5286.22,497.07,5783.29,3919.99,633.7,-1.11,348.71,981.3,201.88,414.06,574.8,5476.09,307.2,307.2,347.06,76.81,3.86,50,81.01,16.95,95.23,347.06,2.28,2.27
Balance Sheet of South Indian Bank,15.4,14-Mar,2014,134.39,134.39,131.66,3102,3233.65,3370.35,47491.09,2730.78,1393.75,54985.97,2200.81,1017.12,14351.78,36229.86,412.2,774.21,54985.97,804,7111,13,11,2,432.62,1,281.67,1,1,1719.68,18111.54,3949.74,954.48,110.85,0,5015.06,368.46,5383.53,3616.29,528.96,44.61,309.32,882.89,242.38,155.4,376.84,4876.03,507.5,507.5,544.46,126.88,0.84,220,107.52,18.27,39.86,544.46,3.78,3.77
Balance Sheet of Lakshmi Vilas Bank,77.1,18-Mar,2018,255.99,255.99,167.25,1904.42,2071.67,2327.67,33309.48,4012.78,779.29,40429.23,1698.17,316.79,10767.75,25768.2,402.45,1475.86,40429.23,548,4623,10,8,2,2694.21,10,1457.89,6,6,1277.33,4872.3,2331.47,693.05,7.03,10.07,3041.62,346.81,3388.43,2251.02,392.13,58.84,331.05,782.03,-365.91,1306.15,940.24,3973.3,-584.87,-584.87,-522.6,0,86.26,0,0,0,-671.12,-522.6,-28.29,-28.11
Balance Sheet of Lakshmi Vilas Bank,145.05,17-Mar,2017,191.45,191.45,169.49,1775.4,1944.9,2136.34,30553.35,1773.13,781.89,35244.72,1454.8,169.07,8651.73,23728.91,359.12,881.08,35244.72,480,4043,10,9,2,640.19,3,418.42,2,2,878.45,3199.65,2239.71,577.59,12.28,17.07,2846.66,502.77,3349.43,2064,334.71,48.06,268.6,651.37,0,377.98,377.98,3093.35,256.07,256.07,256.08,64.1,77.16,46.55,0,0,62.26,256.08,14.07,13.95
Balance Sheet of Lakshmi Vilas Bank,88.2,16-Mar,2016,179.46,179.46,171.73,1412.4,1584.13,1763.59,25430.96,723.01,814.6,28732.16,1286.5,82.11,6545.4,19643.74,367,807.41,28732.16,460,3565,11,9,2,391.25,2,231.64,1,1,2136.8,2434.65,2038.27,519.4,3.27,7.36,2568.3,304.53,2872.83,1922.99,275.35,37.76,229.6,542.71,50,176.89,226.89,2692.6,180.24,180.24,180.32,45.2,6.04,50,53.84,10.96,0,180.32,10.05,10.05
Balance Sheet of Lakshmi Vilas Bank,77.1,15-Mar,2015,179.17,179.17,78.46,1298.52,1376.98,1556.14,21964.21,458.1,726.98,24705.44,1143.44,175.28,6103.78,16352.02,243.41,687.5,24705.44,400,3459,11,9,2,454.62,3,302.49,2,2,1730.06,1805.43,1708.9,479.94,8.24,17.46,2214.53,284.03,2498.56,1687.88,230.35,15.54,188.36,434.25,55.92,188.23,244.15,2366.28,132.29,132.29,132.35,33.2,4.79,41.4,35.84,7.17,0.08,132.35,9.16,9.16
Balance Sheet of Lakshmi Vilas Bank,77.1,14-Mar,2014,97.56,97.56,76.43,879.61,956.04,1053.6,18572.88,458.1,568.48,20653.06,1192.08,119.6,5688.68,12889.19,200.51,562.99,20653.06,361,3292,11,8,3,546.46,4,443.39,3,3,1475.43,1692.6,1591.61,382.67,3.66,6.01,1983.95,217.99,2201.94,1497.94,187.88,23.58,183.55,395.01,22.93,268.59,249.34,2142.29,59.66,59.66,59.74,15,0.11,24,9.76,1.66,0.07,59.74,6.11,6.11
Balance Sheet of Jammu and Kashmir Bank,36.9,18-Mar,2018,55.7,55.7,620.18,5485.33,6105.51,6161.21,80006.5,1628.34,1891.57,89687.62,4328.36,3924.52,18880.03,56912.74,1614.59,4027.37,89687.62,904,10072,11,9,2,6006.7,10,2791.12,5,5,1193.53,5795.12,4977.74,1431.58,211.68,0.4,6621.4,495.31,7116.71,3750.61,1286.89,96.55,600.79,1984.23,157,1260.92,1179.16,6913.99,202.72,202.72,202.72,50.68,0,152.04,0,0,0,202.72,3.64,3.64
Balance Sheet of Jammu and Kashmir Bank,,17-Mar,2017,52.15,52.15,0,5624.35,5624.35,5676.49,72463.09,1276.05,2603.04,82018.67,3590.97,1794.96,21290.89,49816.11,1543.31,3982.42,82018.67,865,10022,11,9,2,6000.01,11,24253.7,5,5,1190.86,6108.99,4784.35,1782.61,117.21,1.63,6685.8,492.86,7178.66,4173.86,1122.54,85.08,502.84,1710.46,145.87,2800.3,2926.62,8810.95,-1632.29,-1632.29,-1632.29,0,7.72,-1640.01,0,0,0,-1632.29,-33.59,-33.59
Balance Sheet of Jammu and Kashmir Bank,147.5,16-Mar,2016,48.49,48.49,0,6375.48,6375.48,6423.98,69390.25,2240,2213.84,80268.07,3126.74,76.27,20353.62,50193.29,763.72,5754.44,80268.07,857,984,12,11,1,4368.61,8,2163.95,4,4,5607.64,12465.29,5027.66,1646.65,169.26,0,6843.57,504.03,7347.6,4133.48,1019.59,63.99,462.62,1546.2,255.75,976.23,1251.88,6931.57,416.03,416.03,416.03,104.01,0,207.46,84.84,17.27,0,416.03,8.58,8.58
Balance Sheet of Jammu and Kashmir Bank,36.9,15-Mar,2015,48.49,48.49,0,6061.56,6061.56,6110.05,65756.19,2339.67,1879.54,76085.45,2373.06,1360.71,25124.3,44585.82,688.91,1952.66,76085.45,817,960,13,11,1,2464.08,6,1236.32,3,3,6047.98,16822.35,5161.03,1843.36,56.74,0,7061.13,593.97,7655.1,4410.22,894.03,94.5,420.52,1409.05,301.06,1015.52,1327.23,7146.5,508.6,508.6,508.6,127.15,0,247,101.8,20.35,0,508.6,10.49,10.49
Balance Sheet of Jammu and Kashmir Bank,36.9,14-Mar,2014,48.49,48.49,0,5675.12,5675.12,5723.61,69335.86,1765,1795.25,78619.73,3045.59,1168.31,26195.07,46384.6,533.81,1292.35,78619.73,777,0,13,11,1,783.42,2,101.99,0,0,5230.82,12145.79,5021.26,1685.56,60.18,0,6767,390.26,7157.27,4082.52,743.91,77.86,353.23,1174.99,574.52,147.89,717.29,5974.8,1182.47,1182.47,1182.47,295.62,0,596.2,242.39,41.19,0,1182.47,243.92,243.92
Balance Sheet of Dhanlaxmi Bank,17.2,18-Mar,2018,253.01,253.01,0,496.45,496.45,749.46,10919.67,392.17,225.16,12286.46,602.85,268.76,4364.6,6110.49,203.76,736,12286.46,0,0,14,0,0,469.3,7,194.65,3,0,0,0,692.22,292.43,10.61,18.06,1013.32,102.47,1115.79,667.52,163.58,0,138.51,302.09,0,171.05,171.05,1140.66,-24.87,-24.87,0,0,0,0,0,0,0,0,-0.98,-0.98
Balance Sheet of Dhanlaxmi Bank,17.2,17-Mar,2017,253.01,253.01,0,496.45,496.45,749.46,10919.66,392.17,225.16,12286.46,602.85,268.76,4364.6,6110.49,203.76,736,12286.46,258,1884,14,11,3,469.31,7,194.65,3,3,344.59,772.91,692.22,292.43,10.6,18.06,1013.32,102.47,1115.78,667.52,163.58,13.46,125.05,302.09,0,171.05,171.05,1140.66,-24.87,-24.87,-861.4,0,4.08,0,0,0,-865.48,-861.4,-0.98,-0.98
Balance Sheet of Dhanlaxmi Bank,17.2,16-Mar,2016,209.85,209.85,0,444.64,444.64,654.48,11293.68,145.2,239.76,12333.12,574.98,232.6,4194.15,6446.35,214.27,670.78,12333.12,260,2021,10,9,1,315.6,5,166.48,3,3,257.7,792.47,769.49,277.02,24.07,18.47,1089.06,111.02,1200.07,757.46,194.9,20.32,133.33,348.55,0,81.69,81.69,1187.7,12.38,12.38,-818.79,3.1,14.64,0,0,0,-836.53,-818.79,0.59,0.59
Balance Sheet of Dhanlaxmi Bank,17.2,15-Mar,2015,177.44,177.44,0,330.51,330.51,507.95,11353.76,251.85,349.42,12462.98,579.48,253.65,3792.24,6952.68,178.92,706.01,12462.98,266,2185,8,6,1,458.92,6,193.19,3,3,249.45,698.48,834.28,327.6,22.12,20.27,1204.27,76.73,1281,899.6,213.15,24.9,142.85,380.9,-0.01,209.96,209.95,1490.45,-209.45,-209.45,-824.51,0,0.5,0,0,0,-825.02,-824.51,-11.8,-11.8
Balance Sheet of Dhanlaxmi Bank,17.2,14-Mar,2014,177.44,177.44,0,546.41,546.41,723.86,12381.68,941.35,305.02,14351.91,669.33,620.79,4850.1,7669.81,202.8,339.07,14351.91,266,2279,10,7,2,558.29,7,252.63,3,3,318.15,713.41,893.85,350.3,33.66,5.78,1283.59,84.95,1368.54,984.75,211.47,18.32,128.41,358.2,0.02,267.04,267.06,1610.01,-241.47,-241.47,-612.31,0,2.75,0,0,0,-615.06,-612.31,-13.6,-13.6
